,num_rating
0,10.0
1,9.0
2,7.0
3,3.0
4,7.0
5,8.0
6,8.0
7,8.0
8,6.0
9,8.0
10,8.0
11,6.0
12,6.0
13,10.0
14,10.0
15,9.0
16,9.0
17,8.0
18,7.0
19,5.0
20,9.0
21,10.0
22,8.0
23,10.0
24,10.0
25,2.0
26,10.0
27,10.0
28,10.0
29,10.0
30,8.0
31,10.0
32,9.0
33,7.0
34,10.0
35,9.0
36,9.0
37,6.0
38,10.0
39,2.0
40,5.0
41,10.0
42,9.0
43,10.0
44,10.0
45,10.0
46,10.0
47,6.0
48,6.0
49,6.0
50,10.0
51,10.0
52,10.0
53,10.0
54,10.0
55,10.0
56,6.0
57,10.0
58,4.0
59,10.0
60,10.0
61,6.0
62,10.0
63,6.0
64,6.0
65,10.0
66,10.0
67,10.0
68,10.0
69,10.0
70,10.0
71,10.0
72,6.0
73,8.0
74,3.0
75,9.0
76,9.0
77,8.0
78,8.0
79,10.0
80,10.0
81,6.0
82,6.0
83,9.0
84,9.0
85,5.0
86,9.0
87,7.0
88,9.0
89,7.0
90,8.0
91,10.0
92,9.0
93,9.0
94,2.0
95,8.0
96,7.0
97,8.0
98,8.0
99,6.0
100,3.0
101,7.0
102,6.0
103,8.0
104,9.0
105,3.0
106,9.0
107,8.0
108,7.0
109,10.0
110,8.0
111,5.0
112,9.0
113,10.0
114,10.0
115,10.0
116,7.0
117,9.0
118,9.0
119,6.0
120,10.0
121,9.0
122,8.0
123,7.0
124,9.0
125,9.0
126,5.0
127,10.0
128,6.0
129,10.0
130,10.0
131,10.0
132,10.0
133,8.0
134,5.0
135,8.0
136,9.0
137,10.0
138,5.0
139,10.0
140,10.0
141,10.0
142,6.0
143,7.0
144,4.0
145,10.0
146,4.0
147,7.0
148,10.0
149,10.0
150,4.0
151,9.0
152,9.0
153,6.0
154,6.0
155,8.0
156,8.0
157,7.0
158,10.0
159,9.0
160,10.0
161,5.0
162,8.0
163,9.0
164,8.0
165,7.0
166,9.0
167,8.0
168,10.0
169,10.0
170,8.0
171,10.0
172,8.0
173,10.0
174,7.0
175,7.0
176,9.0
177,9.0
178,7.0
179,7.0
180,9.0
181,7.0
182,8.0
183,5.0
184,9.0
185,9.0
186,10.0
187,7.0
188,9.0
189,9.0
190,9.0
191,10.0
192,8.0
193,9.0
194,10.0
195,9.0
196,10.0
197,10.0
198,10.0
199,10.0
200,9.0
201,9.0
202,10.0
203,10.0
204,10.0
205,9.0
206,10.0
207,10.0
208,10.0
209,10.0
210,5.0
211,10.0
212,9.0
213,7.0
214,10.0
215,10.0
216,10.0
217,10.0
218,10.0
219,10.0
220,9.0
221,10.0
222,6.0
223,10.0
224,10.0
225,10.0
226,9.0
227,10.0
228,10.0
229,9.0
230,8.0
231,10.0
232,9.0
233,9.0
234,8.0
235,7.0
236,10.0
237,7.0
238,10.0
239,6.0
240,7.0
241,8.0
242,10.0
243,10.0
244,5.0
245,10.0
246,10.0
247,3.0
248,6.0
249,10.0
250,10.0
251,9.0
252,3.0
253,9.0
254,8.0
255,8.0
256,9.0
257,10.0
258,4.0
259,10.0
260,9.0
261,9.0
262,10.0
263,9.0
264,9.0
265,10.0
266,8.0
267,10.0
268,5.0
269,6.0
270,7.0
271,10.0
272,10.0
273,10.0
274,7.0
275,8.0
276,3.0
277,9.0
278,7.0
279,10.0
280,10.0
281,8.0
282,4.0
283,9.0
284,9.0
285,7.0
286,10.0
287,9.0
288,8.0
289,10.0
290,5.0
291,10.0
292,9.0
293,9.0
294,9.0
295,7.0
296,5.0
297,10.0
298,7.0
299,9.0
300,3.0
301,8.0
302,9.0
303,9.0
304,9.0
305,8.0
306,9.0
307,7.0
308,9.0
309,9.0
310,7.0
311,3.0
312,8.0
313,3.0
314,3.0
315,8.0
316,8.0
317,8.0
318,9.0
319,4.0
320,7.0
321,9.0
322,3.0
323,10.0
324,10.0
325,10.0
326,7.0
327,9.0
328,10.0
329,10.0
330,9.0
331,10.0
332,9.0
333,8.0
334,10.0
335,8.0
336,9.0
337,10.0
338,3.0
339,9.0
340,10.0
341,10.0
342,10.0
343,9.0
344,8.0
345,9.0
346,7.0
347,10.0
348,10.0
349,8.0
350,6.0
351,10.0
352,10.0
353,8.0
354,8.0
355,10.0
356,10.0
357,10.0
358,10.0
359,10.0
360,10.0
361,9.0
362,10.0
363,9.0
364,10.0
365,10.0
366,9.0
367,10.0
368,10.0
369,8.0
370,9.0
371,10.0
372,10.0
373,9.0
374,10.0
375,8.0
376,10.0
377,8.0
378,10.0
379,9.0
380,10.0
381,10.0
382,9.0
383,9.0
384,3.0
385,9.0
386,10.0
387,5.0
388,10.0
389,7.0
390,8.0
391,10.0
392,10.0
393,9.0
394,10.0
395,9.0
396,10.0
397,10.0
398,10.0
399,9.0
400,10.0
401,8.0
402,5.0
403,10.0
404,9.0
405,10.0
406,10.0
407,10.0
408,10.0
409,10.0
410,6.0
411,6.0
412,10.0
413,6.0
414,10.0
415,6.0
416,10.0
417,9.0
418,10.0
419,10.0
420,10.0
421,9.0
422,10.0
423,10.0
424,10.0
425,6.0
426,8.0
427,10.0
428,10.0
429,9.0
430,9.0
431,9.0
432,10.0
433,6.0
434,8.0
435,6.0
436,7.0
437,7.0
438,6.0
439,5.0
440,10.0
441,2.0
442,4.0
443,5.0
444,9.0
445,10.0
446,5.0
447,9.0
448,10.0
449,9.0
450,9.0
451,9.0
452,8.0
453,8.0
454,9.0
455,2.0
456,9.0
457,8.0
458,10.0
459,9.0
460,5.0
461,10.0
462,9.0
463,9.0
464,9.0
465,8.0
466,6.0
467,8.0
468,2.0
469,10.0
470,5.0
471,9.0
472,9.0
473,6.0
474,10.0
475,6.0
476,2.0
477,9.0
478,10.0
479,6.0
480,10.0
481,10.0
482,9.0
483,6.0
484,10.0
485,10.0
486,6.0
487,8.0
488,10.0
489,8.0
490,8.0
491,10.0
492,10.0
493,8.0
494,8.0
495,10.0
496,7.0
497,9.0
498,8.0
499,10.0
500,10.0
501,5.0
502,5.0
503,10.0
504,9.0
505,10.0
506,10.0
507,10.0
508,10.0
509,10.0
510,6.0
511,6.0
512,10.0
513,8.0
514,9.0
515,7.0
516,10.0
517,9.0
518,9.0
519,10.0
520,4.0
521,10.0
522,10.0
523,9.0
524,9.0
525,10.0
526,6.0
527,4.0
528,10.0
529,10.0
530,10.0
531,10.0
532,9.0
533,8.0
534,9.0
535,9.0
536,8.0
537,9.0
538,9.0
539,9.0
540,9.0
541,8.0
542,9.0
543,8.0
544,5.0
545,6.0
546,7.0
547,8.0
548,8.0
549,6.0
550,6.0
551,8.0
552,7.0
553,10.0
554,6.0
555,8.0
556,7.0
557,9.0
558,6.0
559,10.0
560,9.0
561,9.0
562,9.0
563,9.0
564,3.0
565,9.0
566,6.0
567,10.0
568,9.0
569,7.0
570,10.0
571,10.0
572,8.0
573,7.0
574,6.0
575,6.0
576,8.0
577,10.0
578,4.0
579,10.0
580,9.0
581,9.0
582,10.0
583,8.0
584,9.0
585,10.0
586,8.0
587,8.0
588,4.0
589,7.0
590,10.0
591,10.0
592,10.0
593,10.0
594,7.0
595,9.0
596,6.0
597,6.0
598,10.0
599,10.0
600,10.0
601,10.0
602,10.0
603,10.0
604,10.0
605,10.0
606,6.0
607,8.0
608,10.0
609,10.0
610,9.0
611,10.0
612,10.0
613,10.0
614,10.0
615,10.0
616,10.0
617,8.0
618,9.0
619,6.0
620,10.0
621,6.0
622,3.0
623,9.0
624,10.0
625,10.0
626,10.0
627,8.0
628,10.0
629,9.0
630,4.0
631,9.0
632,6.0
633,7.0
634,10.0
635,10.0
636,8.0
637,7.0
638,10.0
639,10.0
640,5.0
641,6.0
642,10.0
643,4.0
644,10.0
645,6.0
646,10.0
647,10.0
648,6.0
649,10.0
650,10.0
651,10.0
652,10.0
653,10.0
654,7.0
655,10.0
656,10.0
657,7.0
658,6.0
659,10.0
660,10.0
661,10.0
662,10.0
663,9.0
664,10.0
665,10.0
666,5.0
667,8.0
668,9.0
669,10.0
670,9.0
671,4.0
672,9.0
673,8.0
674,9.0
675,10.0
676,6.0
677,9.0
678,10.0
679,7.0
680,7.0
681,10.0
682,10.0
683,10.0
684,10.0
685,7.0
686,10.0
687,10.0
688,10.0
689,6.0
690,8.0
691,8.0
692,9.0
693,9.0
694,10.0
695,10.0
696,6.0
697,5.0
698,6.0
699,10.0
700,10.0
701,7.0
702,2.0
703,6.0
704,10.0
705,10.0
706,5.0
707,9.0
708,7.0
709,2.0
710,10.0
711,9.0
712,3.0
713,10.0
714,10.0
715,9.0
716,6.0
717,10.0
718,9.0
719,7.0
720,10.0
721,8.0
722,10.0
723,6.0
724,4.0
725,9.0
726,6.0
727,10.0
728,10.0
729,9.0
730,8.0
731,10.0
732,7.0
733,4.0
734,8.0
735,7.0
736,6.0
737,9.0
738,9.0
739,7.0
740,6.0
741,10.0
742,10.0
743,8.0
744,8.0
745,8.0
746,10.0
747,8.0
748,7.0
749,9.0
750,6.0
751,7.0
752,9.0
753,5.0
754,6.0
755,6.0
756,9.0
757,9.0
758,10.0
759,6.0
760,10.0
761,10.0
762,9.0
763,7.0
764,2.0
765,6.0
766,10.0
767,9.0
768,6.0
769,6.0
770,10.0
771,9.0
772,10.0
773,4.0
774,10.0
775,10.0
776,4.0
777,8.0
778,6.0
779,10.0
780,5.0
781,4.0
782,10.0
783,10.0
784,10.0
785,2.0
786,7.0
787,10.0
788,10.0
789,10.0
790,10.0
791,6.0
792,10.0
793,10.0
794,9.0
795,4.0
796,10.0
797,10.0
798,9.0
799,5.0
800,10.0
801,7.0
802,8.0
803,9.0
804,9.0
805,6.0
806,10.0
807,10.0
808,6.0
809,10.0
810,10.0
811,10.0
812,10.0
813,10.0
814,10.0
815,9.0
816,9.0
817,10.0
818,8.0
819,10.0
820,6.0
821,8.0
822,6.0
823,10.0
824,8.0
825,9.0
826,9.0
827,10.0
828,9.0
829,10.0
830,6.0
831,10.0
832,10.0
833,10.0
834,6.0
835,9.0
836,7.0
837,6.0
838,10.0
839,9.0
840,6.0
841,10.0
842,9.0
843,9.0
844,10.0
845,8.0
846,10.0
847,5.0
848,10.0
849,7.0
850,6.0
851,8.0
852,10.0
853,10.0
854,10.0
855,10.0
856,10.0
857,10.0
858,10.0
859,10.0
860,10.0
861,10.0
862,10.0
863,10.0
864,10.0
865,5.0
866,6.0
867,10.0
868,10.0
869,10.0
870,10.0
871,10.0
872,7.0
873,10.0
874,10.0
875,10.0
876,9.0
877,8.0
878,10.0
879,10.0
880,10.0
881,6.0
882,7.0
883,10.0
884,6.0
885,10.0
886,10.0
887,10.0
888,10.0
889,6.0
890,9.0
891,9.0
892,5.0
893,6.0
894,8.0
895,6.0
896,9.0
897,6.0
898,8.0
899,3.0
900,10.0
901,10.0
902,9.0
903,10.0
904,8.0
905,7.0
906,10.0
907,6.0
908,5.0
909,10.0
910,5.0
911,8.0
912,8.0
913,8.0
914,10.0
915,10.0
916,10.0
917,10.0
918,9.0
919,10.0
920,10.0
921,9.0
922,10.0
923,10.0
924,10.0
925,10.0
926,10.0
927,10.0
928,10.0
929,10.0
930,10.0
931,10.0
932,6.0
933,10.0
934,6.0
935,10.0
936,7.0
937,10.0
938,6.0
939,10.0
940,2.0
941,10.0
942,7.0
943,9.0
944,10.0
945,10.0
946,10.0
947,6.0
948,10.0
949,10.0
950,6.0
951,10.0
952,10.0
953,4.0
954,10.0
955,6.0
956,10.0
957,10.0
958,10.0
959,10.0
960,10.0
961,10.0
962,6.0
963,10.0
964,10.0
965,6.0
966,6.0
967,10.0
968,10.0
969,10.0
970,10.0
971,7.0
972,10.0
973,10.0
974,10.0
975,10.0
976,10.0
977,10.0
978,7.0
979,10.0
980,10.0
981,10.0
982,10.0
983,10.0
984,10.0
985,10.0
986,10.0
987,10.0
988,6.0
989,10.0
990,10.0
991,10.0
992,10.0
993,10.0
994,6.0
995,10.0
996,10.0
997,6.0
998,10.0
999,6.0
1000,10.0
1001,10.0
1002,8.0
1003,6.0
1004,8.0
1005,4.0
1006,6.0
1007,3.0
1008,10.0
1009,6.0
1010,3.0
1011,10.0
1012,9.0
1013,8.0
1014,9.0
1015,4.0
1016,10.0
1017,10.0
1018,6.0
1019,6.0
1020,8.0
1021,8.0
1022,10.0
1023,5.0
1024,7.0
1025,3.0
1026,9.0
1027,10.0
1028,3.0
1029,9.0
1030,6.0
1031,10.0
1032,5.0
1033,6.0
1034,6.0
1035,8.0
1036,8.0
1037,8.0
1038,9.0
1039,4.0
1040,6.0
1041,10.0
1042,10.0
1043,7.0
1044,2.0
1045,8.0
1046,7.0
1047,2.0
1048,9.0
1049,8.0
1050,9.0
1051,9.0
1052,7.0
1053,5.0
1054,8.0
1055,2.0
1056,6.0
1057,10.0
1058,10.0
1059,4.0
1060,5.0
1061,5.0
1062,5.0
1063,8.0
1064,7.0
1065,5.0
1066,7.0
1067,8.0
1068,10.0
1069,8.0
1070,9.0
1071,7.0
1072,6.0
1073,9.0
1074,4.0
1075,6.0
1076,9.0
1077,9.0
1078,8.0
1079,8.0
1080,10.0
1081,8.0
1082,10.0
1083,3.0
1084,10.0
1085,10.0
1086,9.0
1087,2.0
1088,4.0
1089,8.0
1090,7.0
1091,6.0
1092,10.0
1093,6.0
1094,6.0
1095,8.0
1096,10.0
1097,9.0
1098,2.0
1099,10.0
1100,7.0
1101,10.0
1102,9.0
1103,7.0
1104,3.0
1105,7.0
1106,8.0
1107,8.0
1108,8.0
1109,6.0
1110,8.0
1111,8.0
1112,6.0
1113,6.0
1114,10.0
1115,10.0
1116,9.0
1117,9.0
1118,8.0
1119,7.0
1120,5.0
1121,9.0
1122,10.0
1123,8.0
1124,10.0
1125,10.0
1126,2.0
1127,10.0
1128,10.0
1129,10.0
1130,10.0
1131,8.0
1132,10.0
1133,9.0
1134,7.0
1135,10.0
1136,9.0
1137,9.0
1138,6.0
1139,10.0
1140,2.0
1141,5.0
1142,10.0
1143,9.0
1144,10.0
1145,10.0
1146,10.0
1147,10.0
1148,6.0
1149,6.0
1150,6.0
1151,10.0
1152,10.0
1153,10.0
1154,10.0
1155,10.0
1156,10.0
1157,6.0
1158,10.0
1159,4.0
1160,10.0
1161,10.0
1162,9.0
1163,9.0
1164,9.0
1165,4.0
1166,5.0
1167,4.0
1168,8.0
1169,7.0
1170,8.0
1171,2.0
1172,10.0
1173,8.0
1174,10.0
1175,8.0
1176,7.0
1177,10.0
1178,4.0
1179,10.0
1180,8.0
1181,3.0
1182,10.0
1183,7.0
1184,9.0
1185,4.0
1186,8.0
1187,9.0
1188,7.0
1189,3.0
1190,9.0
1191,10.0
1192,9.0
1193,6.0
1194,10.0
1195,5.0
1196,6.0
1197,3.0
1198,6.0
1199,8.0
1200,10.0
1201,6.0
1202,10.0
1203,7.0
1204,5.0
1205,6.0
1206,8.0
1207,10.0
1208,6.0
1209,10.0
1210,5.0
1211,10.0
1212,4.0
1213,10.0
1214,10.0
1215,3.0
1216,8.0
1217,7.0
1218,7.0
1219,10.0
1220,10.0
1221,8.0
1222,6.0
1223,10.0
1224,7.0
1225,9.0
1226,7.0
1227,8.0
1228,10.0
1229,6.0
1230,6.0
1231,7.0
1232,10.0
1233,4.0
1234,9.0
1235,7.0
1236,6.0
1237,10.0
1238,10.0
1239,10.0
1240,9.0
1241,5.0
1242,8.0
1243,6.0
1244,10.0
1245,8.0
1246,7.0
1247,8.0
1248,10.0
1249,7.0
1250,4.0
1251,8.0
1252,10.0
1253,9.0
1254,4.0
1255,8.0
1256,9.0
1257,6.0
1258,10.0
1259,7.0
1260,6.0
1261,5.0
1262,9.0
1263,8.0
1264,8.0
1265,8.0
1266,10.0
1267,10.0
1268,10.0
1269,9.0
1270,9.0
1271,5.0
1272,5.0
1273,9.0
1274,10.0
1275,9.0
1276,7.0
1277,10.0
1278,10.0
1279,6.0
1280,7.0
1281,10.0
1282,4.0
1283,10.0
1284,7.0
1285,10.0
1286,10.0
1287,9.0
1288,10.0
1289,10.0
1290,3.0
1291,7.0
1292,9.0
1293,9.0
1294,8.0
1295,10.0
1296,6.0
1297,9.0
1298,6.0
1299,6.0
1300,5.0
1301,3.0
1302,10.0
1303,10.0
1304,6.0
1305,9.0
1306,9.0
1307,9.0
1308,7.0
1309,10.0
1310,9.0
1311,8.0
1312,6.0
1313,9.0
1314,9.0
1315,10.0
1316,9.0
1317,10.0
1318,10.0
1319,10.0
1320,6.0
1321,6.0
1322,10.0
1323,9.0
1324,10.0
1325,6.0
1326,10.0
1327,8.0
1328,10.0
1329,10.0
1330,10.0
1331,6.0
1332,10.0
1333,9.0
1334,10.0
1335,9.0
1336,10.0
1337,5.0
1338,7.0
1339,5.0
1340,10.0
1341,8.0
1342,10.0
1343,8.0
1344,4.0
1345,9.0
1346,5.0
1347,10.0
1348,4.0
1349,8.0
1350,9.0
1351,6.0
1352,10.0
1353,10.0
1354,9.0
1355,9.0
1356,8.0
1357,4.0
1358,10.0
1359,5.0
1360,9.0
1361,9.0
1362,9.0
1363,10.0
1364,5.0
1365,8.0
1366,5.0
1367,6.0
1368,9.0
1369,4.0
1370,9.0
1371,10.0
1372,5.0
1373,6.0
1374,4.0
1375,8.0
1376,10.0
1377,5.0
1378,9.0
1379,3.0
1380,10.0
1381,9.0
1382,5.0
1383,5.0
1384,6.0
1385,6.0
1386,4.0
1387,5.0
1388,9.0
1389,2.0
1390,9.0
1391,9.0
1392,3.0
1393,9.0
1394,7.0
1395,10.0
1396,9.0
1397,6.0
1398,10.0
1399,5.0
1400,7.0
1401,7.0
1402,7.0
1403,9.0
1404,6.0
1405,9.0
1406,8.0
1407,8.0
1408,9.0
1409,8.0
1410,4.0
1411,6.0
1412,10.0
1413,6.0
1414,6.0
1415,4.0
1416,8.0
1417,8.0
1418,4.0
1419,6.0
1420,4.0
1421,10.0
1422,9.0
1423,8.0
1424,7.0
1425,8.0
1426,9.0
1427,7.0
1428,8.0
1429,8.0
1430,3.0
1431,5.0
1432,5.0
1433,6.0
1434,10.0
1435,10.0
1436,10.0
1437,9.0
1438,10.0
1439,10.0
1440,10.0
1441,7.0
1442,9.0
1443,10.0
1444,6.0
1445,10.0
1446,6.0
1447,10.0
1448,7.0
1449,9.0
1450,10.0
1451,4.0
1452,10.0
1453,5.0
1454,9.0
1455,9.0
1456,10.0
1457,6.0
1458,10.0
1459,10.0
1460,10.0
1461,9.0
1462,10.0
1463,10.0
1464,9.0
1465,7.0
1466,10.0
1467,10.0
1468,8.0
1469,10.0
1470,10.0
1471,10.0
1472,9.0
1473,10.0
1474,6.0
1475,6.0
1476,10.0
1477,9.0
1478,10.0
1479,10.0
1480,8.0
1481,10.0
1482,7.0
1483,10.0
1484,9.0
1485,10.0
1486,6.0
1487,10.0
1488,10.0
1489,6.0
1490,10.0
1491,3.0
1492,9.0
1493,6.0
1494,4.0
1495,10.0
1496,6.0
1497,8.0
1498,9.0
1499,9.0
1500,9.0
1501,6.0
1502,7.0
1503,7.0
1504,4.0
1505,10.0
1506,4.0
1507,10.0
1508,5.0
1509,8.0
1510,10.0
1511,10.0
1512,8.0
1513,7.0
1514,10.0
1515,10.0
1516,8.0
1517,10.0
1518,10.0
1519,10.0
1520,5.0
1521,9.0
1522,10.0
1523,6.0
1524,9.0
1525,9.0
1526,5.0
1527,9.0
1528,8.0
1529,8.0
1530,10.0
1531,6.0
1532,9.0
1533,8.0
1534,10.0
1535,10.0
1536,10.0
1537,9.0
1538,6.0
1539,6.0
1540,10.0
1541,10.0
1542,10.0
1543,9.0
1544,10.0
1545,3.0
1546,10.0
1547,9.0
1548,10.0
1549,9.0
1550,10.0
1551,10.0
1552,9.0
1553,10.0
1554,10.0
1555,10.0
1556,6.0
1557,10.0
1558,10.0
1559,10.0
1560,10.0
1561,7.0
1562,10.0
1563,10.0
1564,10.0
1565,10.0
1566,10.0
1567,4.0
1568,9.0
1569,9.0
1570,9.0
1571,9.0
1572,9.0
1573,10.0
1574,10.0
1575,7.0
1576,10.0
1577,8.0
1578,10.0
1579,8.0
1580,10.0
1581,10.0
1582,10.0
1583,10.0
1584,10.0
1585,10.0
1586,10.0
1587,10.0
1588,9.0
1589,10.0
1590,6.0
1591,10.0
1592,10.0
1593,9.0
1594,10.0
1595,6.0
1596,10.0
1597,8.0
1598,8.0
1599,4.0
1600,10.0
1601,10.0
1602,10.0
1603,10.0
1604,9.0
1605,10.0
1606,10.0
1607,10.0
1608,8.0
1609,7.0
1610,8.0
1611,7.0
1612,10.0
1613,10.0
1614,9.0
1615,9.0
1616,4.0
1617,9.0
1618,10.0
1619,8.0
1620,4.0
1621,6.0
1622,10.0
1623,9.0
1624,8.0
1625,10.0
1626,6.0
1627,8.0
1628,10.0
1629,6.0
1630,10.0
1631,8.0
1632,7.0
1633,3.0
1634,8.0
1635,7.0
1636,9.0
1637,8.0
1638,10.0
1639,8.0
1640,10.0
1641,2.0
1642,9.0
1643,3.0
1644,8.0
1645,10.0
1646,10.0
1647,10.0
1648,9.0
1649,8.0
1650,10.0
1651,10.0
1652,9.0
1653,9.0
1654,10.0
1655,10.0
1656,7.0
1657,5.0
1658,10.0
1659,6.0
1660,10.0
1661,10.0
1662,5.0
1663,9.0
1664,8.0
1665,9.0
1666,10.0
1667,10.0
1668,7.0
1669,8.0
1670,8.0
1671,9.0
1672,8.0
1673,9.0
1674,5.0
1675,10.0
1676,9.0
1677,7.0
1678,8.0
1679,10.0
1680,10.0
1681,6.0
1682,9.0
1683,8.0
1684,5.0
1685,10.0
1686,6.0
1687,8.0
1688,8.0
1689,8.0
1690,9.0
1691,9.0
1692,2.0
1693,2.0
1694,9.0
1695,10.0
1696,10.0
1697,6.0
1698,8.0
1699,6.0
1700,9.0
1701,9.0
1702,10.0
1703,4.0
1704,10.0
1705,5.0
1706,8.0
1707,10.0
1708,8.0
1709,9.0
1710,10.0
1711,9.0
1712,10.0
1713,10.0
1714,9.0
1715,10.0
1716,5.0
1717,10.0
1718,4.0
1719,8.0
1720,8.0
1721,6.0
1722,7.0
1723,9.0
1724,10.0
1725,10.0
1726,8.0
1727,8.0
1728,2.0
1729,4.0
1730,8.0
1731,10.0
1732,10.0
1733,8.0
1734,10.0
1735,10.0
1736,9.0
1737,10.0
1738,10.0
1739,8.0
1740,10.0
1741,9.0
1742,3.0
1743,10.0
1744,10.0
1745,10.0
1746,10.0
1747,10.0
1748,6.0
1749,10.0
1750,5.0
1751,6.0
1752,6.0
1753,9.0
1754,10.0
1755,5.0
1756,5.0
1757,5.0
1758,6.0
1759,9.0
1760,8.0
1761,10.0
1762,9.0
1763,10.0
1764,10.0
1765,6.0
1766,10.0
1767,10.0
1768,10.0
1769,6.0
1770,6.0
1771,5.0
1772,9.0
1773,10.0
1774,6.0
1775,10.0
1776,10.0
1777,10.0
1778,10.0
1779,10.0
1780,5.0
1781,10.0
1782,9.0
1783,10.0
1784,10.0
1785,6.0
1786,5.0
1787,9.0
1788,9.0
1789,3.0
1790,8.0
1791,5.0
1792,2.0
1793,9.0
1794,10.0
1795,10.0
1796,8.0
1797,9.0
1798,10.0
1799,8.0
1800,10.0
1801,8.0
1802,6.0
1803,8.0
1804,8.0
1805,9.0
1806,9.0
1807,9.0
1808,10.0
1809,8.0
1810,2.0
1811,10.0
1812,9.0
1813,10.0
1814,9.0
1815,2.0
1816,9.0
1817,10.0
1818,5.0
1819,9.0
1820,7.0
1821,2.0
1822,9.0
1823,8.0
1824,10.0
1825,9.0
1826,10.0
1827,10.0
1828,9.0
1829,6.0
1830,5.0
1831,10.0
1832,2.0
1833,5.0
1834,9.0
1835,9.0
1836,8.0
1837,7.0
1838,4.0
1839,3.0
1840,10.0
1841,7.0
1842,10.0
1843,9.0
1844,6.0
1845,4.0
1846,10.0
1847,6.0
1848,10.0
1849,10.0
1850,5.0
1851,10.0
1852,7.0
1853,2.0
1854,8.0
1855,4.0
1856,9.0
1857,9.0
1858,7.0
1859,9.0
1860,8.0
1861,2.0
1862,3.0
1863,9.0
1864,10.0
1865,6.0
1866,8.0
1867,2.0
1868,7.0
1869,10.0
1870,10.0
1871,10.0
1872,10.0
1873,6.0
1874,4.0
1875,8.0
1876,9.0
1877,8.0
1878,9.0
1879,10.0
1880,8.0
1881,8.0
1882,10.0
1883,7.0
1884,3.0
1885,10.0
1886,3.0
1887,8.0
1888,9.0
1889,10.0
1890,10.0
1891,9.0
1892,9.0
1893,10.0
1894,10.0
1895,9.0
1896,10.0
1897,10.0
1898,8.0
1899,10.0
1900,10.0
1901,10.0
1902,10.0
1903,10.0
1904,10.0
1905,6.0
1906,10.0
1907,10.0
1908,10.0
1909,8.0
1910,6.0
1911,8.0
1912,4.0
1913,6.0
1914,3.0
1915,10.0
1916,6.0
1917,3.0
1918,10.0
1919,9.0
1920,8.0
1921,9.0
1922,4.0
1923,10.0
1924,10.0
1925,6.0
1926,6.0
1927,8.0
1928,8.0
1929,10.0
1930,5.0
1931,7.0
1932,3.0
1933,9.0
1934,10.0
1935,3.0
1936,9.0
1937,6.0
1938,10.0
1939,5.0
1940,6.0
1941,6.0
1942,8.0
1943,8.0
1944,8.0
1945,9.0
1946,4.0
1947,6.0
1948,10.0
1949,10.0
1950,7.0
1951,2.0
1952,8.0
1953,7.0
1954,2.0
1955,9.0
1956,8.0
1957,9.0
1958,9.0
1959,7.0
1960,5.0
1961,8.0
1962,2.0
1963,6.0
1964,10.0
1965,10.0
1966,4.0
1967,5.0
1968,5.0
1969,5.0
1970,8.0
1971,7.0
1972,5.0
1973,7.0
1974,8.0
1975,10.0
1976,8.0
1977,9.0
1978,7.0
1979,6.0
1980,9.0
1981,4.0
1982,6.0
1983,9.0
1984,9.0
1985,8.0
1986,8.0
1987,10.0
1988,8.0
1989,10.0
1990,3.0
1991,10.0
1992,10.0
1993,9.0
1994,2.0
1995,4.0
1996,8.0
1997,7.0
1998,6.0
1999,10.0
2000,6.0
2001,6.0
2002,8.0
2003,10.0
2004,9.0
2005,2.0
2006,10.0
2007,7.0
2008,10.0
2009,9.0
2010,7.0
2011,3.0
2012,7.0
2013,8.0
2014,8.0
2015,8.0
2016,6.0
2017,8.0
2018,8.0
2019,6.0
2020,6.0
2021,10.0
2022,10.0
2023,9.0
2024,9.0
2025,8.0
2026,7.0
2027,5.0
2028,9.0
2029,10.0
2030,8.0
2031,10.0
2032,10.0
2033,2.0
2034,10.0
2035,10.0
2036,10.0
2037,10.0
2038,8.0
2039,10.0
2040,9.0
2041,7.0
2042,10.0
2043,9.0
2044,9.0
2045,6.0
2046,10.0
2047,2.0
2048,5.0
2049,10.0
2050,9.0
2051,10.0
2052,10.0
2053,10.0
2054,10.0
2055,6.0
2056,6.0
2057,6.0
2058,10.0
2059,10.0
2060,10.0
2061,10.0
2062,10.0
2063,10.0
2064,6.0
2065,10.0
2066,4.0
2067,10.0
2068,10.0
2069,10.0
2070,5.0
2071,8.0
2072,10.0
2073,8.0
2074,10.0
2075,10.0
2076,8.0
2077,10.0
2078,10.0
2079,10.0
2080,9.0
2081,4.0
2082,5.0
2083,5.0
2084,9.0
2085,8.0
2086,9.0
2087,8.0
2088,6.0
2089,9.0
2090,9.0
2091,9.0
2092,9.0
2093,9.0
2094,10.0
2095,10.0
2096,10.0
2097,9.0
2098,10.0
2099,3.0
2100,8.0
2101,10.0
2102,10.0
2103,4.0
2104,10.0
2105,6.0
2106,5.0
2107,9.0
2108,5.0
2109,10.0
2110,9.0
2111,10.0
2112,10.0
2113,9.0
2114,5.0
2115,8.0
2116,10.0
2117,8.0
2118,3.0
2119,8.0
2120,2.0
2121,6.0
2122,7.0
2123,10.0
2124,6.0
2125,8.0
2126,7.0
2127,10.0
2128,2.0
2129,5.0
2130,7.0
2131,9.0
2132,10.0
2133,8.0
2134,10.0
2135,10.0
2136,10.0
2137,9.0
2138,9.0
2139,6.0
2140,6.0
2141,6.0
2142,10.0
2143,9.0
2144,8.0
2145,8.0
2146,5.0
2147,10.0
2148,6.0
2149,8.0
2150,10.0
2151,10.0
2152,10.0
2153,6.0
2154,10.0
2155,10.0
2156,9.0
2157,3.0
2158,8.0
2159,10.0
2160,5.0
2161,6.0
2162,7.0
2163,10.0
2164,8.0
2165,10.0
2166,6.0
2167,9.0
2168,6.0
2169,10.0
2170,10.0
2171,9.0
2172,9.0
2173,10.0
2174,9.0
2175,8.0
2176,6.0
2177,10.0
2178,10.0
2179,10.0
2180,8.0
2181,6.0
2182,10.0
2183,10.0
2184,10.0
2185,9.0
2186,10.0
2187,5.0
2188,10.0
2189,10.0
2190,9.0
2191,9.0
2192,10.0
2193,5.0
2194,10.0
2195,8.0
2196,5.0
2197,6.0
2198,8.0
2199,6.0
2200,8.0
2201,10.0
2202,6.0
2203,7.0
2204,4.0
2205,10.0
2206,10.0
2207,6.0
2208,9.0
2209,9.0
2210,10.0
2211,6.0
2212,10.0
2213,10.0
2214,10.0
2215,10.0
2216,9.0
2217,10.0
2218,10.0
2219,7.0
2220,10.0
2221,7.0
2222,10.0
2223,10.0
2224,10.0
2225,10.0
2226,3.0
2227,5.0
2228,8.0
2229,10.0
2230,10.0
2231,10.0
2232,10.0
2233,6.0
2234,10.0
2235,10.0
2236,4.0
2237,3.0
2238,8.0
2239,4.0
2240,7.0
2241,10.0
2242,2.0
2243,10.0
2244,10.0
2245,5.0
2246,10.0
2247,8.0
2248,10.0
2249,9.0
2250,10.0
2251,10.0
2252,6.0
2253,9.0
2254,8.0
2255,8.0
2256,8.0
2257,7.0
2258,8.0
2259,10.0
2260,3.0
2261,9.0
2262,6.0
2263,5.0
2264,8.0
2265,5.0
2266,10.0
2267,8.0
2268,6.0
2269,9.0
2270,9.0
2271,9.0
2272,10.0
2273,6.0
2274,9.0
2275,4.0
2276,7.0
2277,10.0
2278,9.0
2279,10.0
2280,10.0
2281,10.0
2282,10.0
2283,4.0
2284,10.0
2285,10.0
2286,8.0
2287,10.0
2288,9.0
2289,10.0
2290,6.0
2291,5.0
2292,10.0
2293,10.0
2294,10.0
2295,7.0
2296,10.0
2297,10.0
2298,5.0
2299,6.0
2300,10.0
2301,9.0
2302,10.0
2303,6.0
2304,2.0
2305,4.0
2306,10.0
2307,10.0
2308,10.0
2309,4.0
2310,10.0
2311,10.0
2312,9.0
2313,4.0
2314,10.0
2315,2.0
2316,10.0
2317,9.0
2318,10.0
2319,6.0
2320,10.0
2321,10.0
2322,10.0
2323,10.0
2324,10.0
2325,10.0
2326,10.0
2327,10.0
2328,2.0
2329,10.0
2330,4.0
2331,10.0
2332,10.0
2333,8.0
2334,10.0
2335,10.0
2336,5.0
2337,10.0
2338,8.0
2339,10.0
2340,8.0
2341,10.0
2342,10.0
2343,6.0
2344,8.0
2345,10.0
2346,5.0
2347,10.0
2348,10.0
2349,10.0
2350,10.0
2351,10.0
2352,10.0
2353,6.0
2354,10.0
2355,10.0
2356,10.0
2357,10.0
2358,10.0
2359,9.0
2360,9.0
2361,2.0
2362,10.0
2363,10.0
2364,6.0
2365,10.0
2366,10.0
2367,10.0
2368,10.0
2369,8.0
2370,10.0
2371,8.0
2372,10.0
2373,10.0
2374,6.0
2375,9.0
2376,5.0
2377,4.0
2378,7.0
2379,6.0
2380,10.0
2381,8.0
2382,10.0
2383,7.0
2384,10.0
2385,9.0
2386,10.0
2387,9.0
2388,10.0
2389,10.0
2390,10.0
2391,10.0
2392,10.0
2393,2.0
2394,8.0
2395,7.0
2396,6.0
2397,10.0
2398,10.0
2399,10.0
2400,9.0
2401,7.0
2402,3.0
2403,6.0
2404,10.0
2405,6.0
2406,10.0
2407,10.0
2408,9.0
2409,10.0
2410,10.0
2411,7.0
2412,6.0
2413,10.0
2414,4.0
2415,5.0
2416,10.0
2417,6.0
2418,7.0
2419,10.0
2420,9.0
2421,6.0
2422,10.0
2423,6.0
2424,10.0
2425,7.0
2426,10.0
2427,10.0
2428,6.0
2429,3.0
2430,9.0
2431,10.0
2432,10.0
2433,9.0
2434,9.0
2435,8.0
2436,8.0
2437,8.0
2438,9.0
2439,10.0
2440,6.0
2441,9.0
2442,10.0
2443,7.0
2444,4.0
2445,10.0
2446,5.0
2447,6.0
2448,9.0
2449,8.0
2450,4.0
2451,6.0
2452,9.0
2453,10.0
2454,3.0
2455,10.0
2456,7.0
2457,10.0
2458,10.0
2459,3.0
2460,4.0
2461,10.0
2462,10.0
2463,5.0
2464,9.0
2465,8.0
2466,9.0
2467,10.0
2468,7.0
2469,10.0
2470,10.0
2471,9.0
2472,9.0
2473,8.0
2474,10.0
2475,8.0
2476,10.0
2477,10.0
2478,2.0
2479,6.0
2480,10.0
2481,9.0
2482,10.0
2483,10.0
2484,10.0
2485,3.0
2486,9.0
2487,10.0
2488,6.0
2489,9.0
2490,7.0
2491,10.0
2492,2.0
2493,7.0
2494,8.0
2495,6.0
2496,8.0
2497,6.0
2498,10.0
2499,9.0
2500,8.0
2501,8.0
2502,10.0
2503,5.0
2504,6.0
2505,4.0
2506,10.0
2507,10.0
2508,10.0
2509,9.0
2510,4.0
2511,6.0
2512,8.0
2513,6.0
2514,8.0
2515,8.0
2516,9.0
2517,7.0
2518,4.0
2519,5.0
2520,9.0
2521,10.0
2522,8.0
2523,9.0
2524,10.0
2525,9.0
2526,10.0
2527,6.0
2528,10.0
2529,10.0
2530,10.0
2531,10.0
2532,8.0
2533,9.0
2534,8.0
2535,9.0
2536,8.0
2537,7.0
2538,9.0
2539,10.0
2540,9.0
2541,9.0
2542,9.0
2543,8.0
2544,10.0
2545,9.0
2546,9.0
2547,7.0
2548,8.0
2549,7.0
2550,10.0
2551,7.0
2552,9.0
2553,6.0
2554,8.0
2555,5.0
2556,10.0
2557,9.0
2558,9.0
2559,9.0
2560,7.0
2561,10.0
2562,10.0
2563,9.0
2564,8.0
2565,9.0
2566,9.0
2567,10.0
2568,9.0
2569,10.0
2570,10.0
2571,7.0
2572,10.0
2573,6.0
2574,10.0
2575,10.0
2576,9.0
2577,7.0
2578,4.0
2579,10.0
2580,9.0
2581,9.0
2582,8.0
2583,8.0
2584,6.0
2585,8.0
2586,10.0
2587,5.0
2588,9.0
2589,8.0
2590,6.0
2591,6.0
2592,7.0
2593,9.0
2594,9.0
2595,9.0
2596,8.0
2597,7.0
2598,8.0
2599,6.0
2600,8.0
2601,10.0
2602,10.0
2603,10.0
2604,7.0
2605,10.0
2606,9.0
2607,8.0
2608,10.0
2609,9.0
2610,9.0
2611,6.0
2612,10.0
2613,5.0
2614,7.0
2615,9.0
2616,10.0
2617,8.0
2618,8.0
2619,5.0
2620,8.0
2621,2.0
2622,9.0
2623,6.0
2624,9.0
2625,7.0
2626,9.0
2627,6.0
2628,6.0
2629,4.0
2630,3.0
2631,9.0
2632,10.0
2633,10.0
2634,8.0
2635,10.0
2636,6.0
2637,10.0
2638,2.0
2639,6.0
2640,10.0
2641,6.0
2642,10.0
2643,10.0
2644,6.0
2645,10.0
2646,10.0
2647,10.0
2648,10.0
2649,10.0
2650,6.0
2651,6.0
2652,10.0
2653,10.0
2654,10.0
2655,10.0
2656,10.0
2657,10.0
2658,10.0
2659,10.0
2660,6.0
2661,10.0
2662,2.0
2663,10.0
2664,10.0
2665,8.0
2666,10.0
2667,10.0
2668,10.0
2669,10.0
2670,7.0
2671,8.0
2672,9.0
2673,8.0
2674,6.0
2675,9.0
2676,10.0
2677,10.0
2678,10.0
2679,8.0
2680,10.0
2681,10.0
2682,10.0
2683,10.0
2684,10.0
2685,10.0
2686,9.0
2687,10.0
2688,9.0
2689,5.0
2690,9.0
2691,4.0
2692,9.0
2693,2.0
2694,9.0
2695,7.0
2696,7.0
2697,5.0
2698,8.0
2699,9.0
2700,10.0
2701,10.0
2702,6.0
2703,8.0
2704,9.0
2705,8.0
2706,10.0
2707,6.0
2708,6.0
2709,6.0
2710,5.0
2711,6.0
2712,8.0
2713,6.0
2714,8.0
2715,10.0
2716,10.0
2717,8.0
2718,8.0
2719,10.0
2720,6.0
2721,9.0
2722,9.0
2723,10.0
2724,8.0
2725,10.0
2726,10.0
2727,6.0
2728,3.0
2729,9.0
2730,7.0
2731,10.0
2732,2.0
2733,10.0
2734,7.0
2735,6.0
2736,6.0
2737,8.0
2738,8.0
2739,10.0
2740,9.0
2741,8.0
2742,7.0
2743,8.0
2744,8.0
2745,10.0
2746,10.0
2747,8.0
2748,10.0
2749,3.0
2750,8.0
2751,4.0
2752,9.0
2753,10.0
2754,10.0
2755,10.0
2756,6.0
2757,6.0
2758,3.0
2759,10.0
2760,6.0
2761,9.0
2762,10.0
2763,10.0
2764,10.0
2765,10.0
2766,6.0
2767,10.0
2768,9.0
2769,9.0
2770,9.0
2771,2.0
2772,10.0
2773,10.0
2774,10.0
2775,6.0
2776,5.0
2777,6.0
2778,7.0
2779,10.0
2780,6.0
2781,8.0
2782,7.0
2783,9.0
2784,5.0
2785,4.0
2786,10.0
2787,9.0
2788,10.0
2789,8.0
2790,9.0
2791,10.0
2792,10.0
2793,6.0
2794,10.0
2795,9.0
2796,10.0
2797,10.0
2798,10.0
2799,9.0
2800,10.0
2801,8.0
2802,9.0
2803,9.0
2804,7.0
2805,8.0
2806,10.0
2807,9.0
2808,9.0
2809,7.0
2810,10.0
2811,9.0
2812,10.0
2813,10.0
2814,6.0
2815,10.0
2816,10.0
2817,8.0
2818,8.0
2819,8.0
2820,8.0
2821,9.0
2822,10.0
2823,10.0
2824,10.0
2825,10.0
2826,6.0
2827,8.0
2828,10.0
2829,9.0
2830,9.0
2831,10.0
2832,8.0
2833,7.0
2834,10.0
2835,10.0
2836,10.0
2837,9.0
2838,10.0
2839,10.0
2840,10.0
2841,6.0
2842,10.0
2843,10.0
2844,9.0
2845,9.0
2846,10.0
2847,7.0
2848,6.0
2849,6.0
2850,8.0
2851,10.0
2852,8.0
2853,7.0
2854,7.0
2855,10.0
2856,3.0
2857,6.0
2858,6.0
2859,7.0
2860,10.0
2861,10.0
2862,10.0
2863,10.0
2864,9.0
2865,9.0
2866,7.0
2867,10.0
2868,6.0
2869,8.0
2870,9.0
2871,10.0
2872,6.0
2873,5.0
2874,9.0
2875,10.0
2876,7.0
2877,10.0
2878,10.0
2879,10.0
2880,10.0
2881,10.0
2882,10.0
2883,10.0
2884,8.0
2885,3.0
2886,10.0
2887,6.0
2888,8.0
2889,6.0
2890,8.0
2891,9.0
2892,10.0
2893,8.0
2894,8.0
2895,3.0
2896,8.0
2897,8.0
2898,8.0
2899,6.0
2900,9.0
2901,8.0
2902,10.0
2903,6.0
2904,9.0
2905,7.0
2906,8.0
2907,4.0
2908,8.0
2909,9.0
2910,9.0
2911,10.0
2912,3.0
2913,8.0
2914,8.0
2915,7.0
2916,8.0
2917,9.0
2918,10.0
2919,6.0
2920,8.0
2921,5.0
2922,10.0
2923,9.0
2924,5.0
2925,8.0
2926,6.0
2927,7.0
2928,10.0
2929,2.0
2930,6.0
2931,8.0
2932,10.0
2933,7.0
2934,9.0
2935,6.0
2936,10.0
2937,5.0
2938,3.0
2939,10.0
2940,5.0
2941,5.0
2942,8.0
2943,9.0
2944,10.0
2945,8.0
2946,3.0
2947,6.0
2948,9.0
2949,7.0
2950,5.0
2951,10.0
2952,8.0
2953,10.0
2954,6.0
2955,7.0
2956,9.0
2957,10.0
2958,7.0
2959,5.0
2960,9.0
2961,5.0
2962,10.0
2963,9.0
2964,9.0
2965,5.0
2966,10.0
2967,10.0
2968,9.0
2969,10.0
2970,7.0
2971,10.0
2972,8.0
2973,10.0
2974,10.0
2975,4.0
2976,7.0
2977,10.0
2978,8.0
2979,5.0
2980,7.0
2981,8.0
2982,7.0
2983,10.0
2984,6.0
2985,8.0
2986,7.0
2987,9.0
2988,10.0
2989,9.0
2990,9.0
2991,10.0
2992,10.0
2993,9.0
2994,10.0
2995,10.0
2996,8.0
2997,10.0
2998,10.0
2999,10.0
3000,10.0
3001,10.0
3002,10.0
3003,6.0
3004,10.0
3005,10.0
3006,7.0
3007,5.0
3008,4.0
3009,10.0
3010,6.0
3011,10.0
3012,2.0
3013,7.0
3014,6.0
3015,7.0
3016,3.0
3017,4.0
3018,8.0
3019,10.0
3020,4.0
3021,8.0
3022,8.0
3023,8.0
3024,6.0
3025,9.0
3026,9.0
3027,10.0
3028,8.0
3029,7.0
3030,9.0
3031,4.0
3032,8.0
3033,10.0
3034,9.0
3035,10.0
3036,10.0
3037,2.0
3038,7.0
3039,10.0
3040,7.0
3041,9.0
3042,8.0
3043,8.0
3044,9.0
3045,2.0
3046,10.0
3047,5.0
3048,8.0
3049,8.0
3050,9.0
3051,6.0
3052,10.0
3053,6.0
3054,9.0
3055,8.0
3056,8.0
3057,4.0
3058,9.0
3059,8.0
3060,9.0
3061,6.0
3062,9.0
3063,7.0
3064,8.0
3065,3.0
3066,9.0
3067,9.0
3068,10.0
3069,10.0
3070,8.0
3071,9.0
3072,8.0
3073,7.0
3074,5.0
3075,7.0
3076,10.0
3077,9.0
3078,9.0
3079,8.0
3080,2.0
3081,9.0
3082,10.0
3083,9.0
3084,6.0
3085,10.0
3086,8.0
3087,5.0
3088,8.0
3089,9.0
3090,8.0
3091,7.0
3092,8.0
3093,10.0
3094,9.0
3095,8.0
3096,7.0
3097,10.0
3098,4.0
3099,8.0
3100,10.0
3101,8.0
3102,7.0
3103,3.0
3104,6.0
3105,5.0
3106,10.0
3107,9.0
3108,7.0
3109,3.0
3110,7.0
3111,8.0
3112,8.0
3113,8.0
3114,6.0
3115,8.0
3116,8.0
3117,6.0
3118,6.0
3119,10.0
3120,10.0
3121,9.0
3122,9.0
3123,8.0
3124,7.0
3125,5.0
3126,9.0
3127,10.0
3128,8.0
3129,10.0
3130,10.0
3131,2.0
3132,10.0
3133,10.0
3134,10.0
3135,10.0
3136,8.0
3137,10.0
3138,9.0
3139,7.0
3140,10.0
3141,9.0
3142,9.0
3143,6.0
3144,10.0
3145,2.0
3146,5.0
3147,10.0
3148,9.0
3149,10.0
3150,10.0
3151,10.0
3152,10.0
3153,6.0
3154,6.0
3155,6.0
3156,10.0
3157,10.0
3158,10.0
3159,10.0
3160,10.0
3161,10.0
3162,6.0
3163,10.0
3164,4.0
3165,10.0
3166,10.0
3167,8.0
3168,5.0
3169,5.0
3170,10.0
3171,8.0
3172,7.0
3173,10.0
3174,6.0
3175,10.0
3176,9.0
3177,9.0
3178,6.0
3179,10.0
3180,4.0
3181,5.0
3182,7.0
3183,10.0
3184,9.0
3185,9.0
3186,9.0
3187,8.0
3188,9.0
3189,2.0
3190,6.0
3191,6.0
3192,10.0
3193,9.0
3194,4.0
3195,10.0
3196,10.0
3197,8.0
3198,4.0
3199,9.0
3200,10.0
3201,10.0
3202,10.0
3203,6.0
3204,9.0
3205,8.0
3206,9.0
3207,9.0
3208,3.0
3209,5.0
3210,4.0
3211,9.0
3212,8.0
3213,9.0
3214,9.0
3215,9.0
3216,8.0
3217,6.0
3218,9.0
3219,10.0
3220,7.0
3221,6.0
3222,9.0
3223,2.0
3224,9.0
3225,10.0
3226,9.0
3227,8.0
3228,10.0
3229,10.0
3230,9.0
3231,5.0
3232,9.0
3233,8.0
3234,5.0
3235,8.0
3236,9.0
3237,2.0
3238,10.0
3239,6.0
3240,10.0
3241,5.0
3242,8.0
3243,5.0
3244,10.0
3245,8.0
3246,8.0
3247,10.0
3248,4.0
3249,10.0
3250,9.0
3251,8.0
3252,10.0
3253,7.0
3254,8.0
3255,2.0
3256,7.0
3257,9.0
3258,7.0
3259,10.0
3260,9.0
3261,10.0
3262,10.0
3263,5.0
3264,4.0
3265,10.0
3266,8.0
3267,6.0
3268,9.0
3269,10.0
3270,9.0
3271,6.0
3272,10.0
3273,9.0
3274,10.0
3275,10.0
3276,9.0
3277,10.0
3278,5.0
3279,8.0
3280,5.0
3281,9.0
3282,5.0
3283,9.0
3284,5.0
3285,6.0
3286,10.0
3287,8.0
3288,10.0
3289,6.0
3290,9.0
3291,9.0
3292,6.0
3293,5.0
3294,10.0
3295,9.0
3296,9.0
3297,10.0
3298,4.0
3299,6.0
3300,9.0
3301,8.0
3302,10.0
3303,9.0
3304,7.0
3305,10.0
3306,8.0
3307,4.0
3308,10.0
3309,4.0
3310,9.0
3311,10.0
3312,7.0
3313,8.0
3314,10.0
3315,8.0
3316,9.0
3317,10.0
3318,5.0
3319,9.0
3320,8.0
3321,9.0
3322,4.0
3323,10.0
3324,7.0
3325,7.0
3326,5.0
3327,7.0
3328,6.0
3329,6.0
3330,10.0
3331,6.0
3332,10.0
3333,9.0
3334,5.0
3335,10.0
3336,4.0
3337,8.0
3338,6.0
3339,9.0
3340,10.0
3341,10.0
3342,3.0
3343,8.0
3344,8.0
3345,6.0
3346,9.0
3347,7.0
3348,6.0
3349,6.0
3350,9.0
3351,8.0
3352,9.0
3353,8.0
3354,9.0
3355,9.0
3356,10.0
3357,8.0
3358,4.0
3359,10.0
3360,10.0
3361,9.0
3362,6.0
3363,4.0
3364,6.0
3365,9.0
3366,9.0
3367,10.0
3368,8.0
3369,6.0
3370,8.0
3371,7.0
3372,9.0
3373,8.0
3374,10.0
3375,6.0
3376,8.0
3377,4.0
3378,8.0
3379,6.0
3380,8.0
3381,6.0
3382,9.0
3383,10.0
3384,5.0
3385,10.0
3386,7.0
3387,8.0
3388,5.0
3389,4.0
3390,10.0
3391,9.0
3392,8.0
3393,9.0
3394,10.0
3395,5.0
3396,9.0
3397,8.0
3398,6.0
3399,7.0
3400,9.0
3401,10.0
3402,10.0
3403,10.0
3404,6.0
3405,10.0
3406,4.0
3407,10.0
3408,8.0
3409,7.0
3410,9.0
3411,9.0
3412,4.0
3413,10.0
3414,8.0
3415,10.0
3416,6.0
3417,7.0
3418,9.0
3419,9.0
3420,7.0
3421,7.0
3422,10.0
3423,8.0
3424,10.0
3425,6.0
3426,5.0
3427,5.0
3428,4.0
3429,8.0
3430,9.0
3431,10.0
3432,10.0
3433,7.0
3434,6.0
3435,5.0
3436,6.0
3437,6.0
3438,5.0
3439,8.0
3440,2.0
3441,6.0
3442,6.0
3443,8.0
3444,10.0
3445,5.0
3446,6.0
3447,10.0
3448,8.0
3449,10.0
3450,10.0
3451,7.0
3452,6.0
3453,10.0
3454,6.0
3455,10.0
3456,5.0
3457,4.0
3458,10.0
3459,2.0
3460,10.0
3461,9.0
3462,10.0
3463,7.0
3464,6.0
3465,5.0
3466,10.0
3467,10.0
3468,9.0
3469,9.0
3470,8.0
3471,9.0
3472,9.0
3473,10.0
3474,9.0
3475,10.0
3476,8.0
3477,8.0
3478,10.0
3479,5.0
3480,9.0
3481,9.0
3482,9.0
3483,10.0
3484,8.0
3485,7.0
3486,5.0
3487,9.0
3488,9.0
3489,8.0
3490,3.0
3491,6.0
3492,7.0
3493,10.0
3494,10.0
3495,10.0
3496,7.0
3497,10.0
3498,7.0
3499,10.0
3500,6.0
3501,9.0
3502,8.0
3503,10.0
3504,9.0
3505,9.0
3506,6.0
3507,6.0
3508,7.0
3509,9.0
3510,8.0
3511,10.0
3512,10.0
3513,7.0
3514,10.0
3515,9.0
3516,9.0
3517,8.0
3518,10.0
3519,10.0
3520,8.0
3521,10.0
3522,3.0
3523,4.0
3524,9.0
3525,8.0
3526,7.0
3527,10.0
3528,10.0
3529,5.0
3530,10.0
3531,8.0
3532,6.0
3533,9.0
3534,10.0
3535,8.0
3536,6.0
3537,10.0
3538,10.0
3539,10.0
3540,10.0
3541,5.0
3542,10.0
3543,10.0
3544,9.0
3545,10.0
3546,3.0
3547,9.0
3548,8.0
3549,5.0
3550,10.0
3551,7.0
3552,9.0
3553,7.0
3554,10.0
3555,7.0
3556,10.0
3557,8.0
3558,9.0
3559,10.0
3560,6.0
3561,4.0
3562,8.0
3563,9.0
3564,10.0
3565,9.0
3566,10.0
3567,8.0
3568,4.0
3569,8.0
3570,7.0
3571,9.0
3572,10.0
3573,10.0
3574,7.0
3575,8.0
3576,5.0
3577,8.0
3578,9.0
3579,8.0
3580,7.0
3581,7.0
3582,9.0
3583,10.0
3584,10.0
3585,10.0
3586,5.0
3587,10.0
3588,7.0
3589,8.0
3590,7.0
3591,5.0
3592,6.0
3593,5.0
3594,10.0
3595,8.0
3596,10.0
3597,7.0
3598,5.0
3599,8.0
3600,4.0
3601,5.0
3602,7.0
3603,9.0
3604,8.0
3605,9.0
3606,9.0
3607,6.0
3608,3.0
3609,6.0
3610,10.0
3611,10.0
3612,9.0
3613,10.0
3614,8.0
3615,8.0
3616,8.0
3617,10.0
3618,5.0
3619,4.0
3620,8.0
3621,10.0
3622,10.0
3623,6.0
3624,8.0
3625,9.0
3626,9.0
3627,8.0
3628,5.0
3629,7.0
3630,8.0
3631,7.0
3632,10.0
3633,6.0
3634,10.0
3635,4.0
3636,7.0
3637,9.0
3638,9.0
3639,9.0
3640,9.0
3641,4.0
3642,9.0
3643,9.0
3644,10.0
3645,10.0
3646,9.0
3647,8.0
3648,6.0
3649,8.0
3650,3.0
3651,7.0
3652,10.0
3653,9.0
3654,9.0
3655,10.0
3656,10.0
3657,7.0
3658,10.0
3659,6.0
3660,6.0
3661,10.0
3662,10.0
3663,7.0
3664,10.0
3665,2.0
3666,9.0
3667,9.0
3668,7.0
3669,7.0
3670,10.0
3671,9.0
3672,8.0
3673,4.0
3674,10.0
3675,10.0
3676,10.0
3677,9.0
3678,9.0
3679,6.0
3680,9.0
3681,10.0
3682,8.0
3683,10.0
3684,8.0
3685,5.0
3686,10.0
3687,5.0
3688,3.0
3689,10.0
3690,8.0
3691,8.0
3692,10.0
3693,8.0
3694,7.0
3695,10.0
3696,4.0
3697,10.0
3698,8.0
3699,7.0
3700,2.0
3701,9.0
3702,8.0
3703,9.0
3704,3.0
3705,2.0
3706,6.0
3707,8.0
3708,8.0
3709,9.0
3710,10.0
3711,4.0
3712,4.0
3713,3.0
3714,5.0
3715,4.0
3716,5.0
3717,3.0
3718,10.0
3719,4.0
3720,4.0
3721,9.0
3722,6.0
3723,3.0
3724,9.0
3725,2.0
3726,8.0
3727,6.0
3728,4.0
3729,10.0
3730,9.0
3731,9.0
3732,5.0
3733,10.0
3734,9.0
3735,6.0
3736,5.0
3737,9.0
3738,9.0
3739,9.0
3740,10.0
3741,2.0
3742,5.0
3743,9.0
3744,10.0
3745,10.0
3746,9.0
3747,8.0
3748,8.0
3749,8.0
3750,8.0
3751,7.0
3752,9.0
3753,10.0
3754,8.0
3755,8.0
3756,10.0
3757,8.0
3758,10.0
3759,10.0
3760,3.0
3761,9.0
3762,6.0
3763,5.0
3764,9.0
3765,9.0
3766,7.0
3767,10.0
3768,9.0
3769,6.0
3770,10.0
3771,10.0
3772,4.0
3773,3.0
3774,9.0
3775,9.0
3776,10.0
3777,10.0
3778,10.0
3779,10.0
3780,10.0
3781,9.0
3782,6.0
3783,9.0
3784,3.0
3785,10.0
3786,9.0
3787,10.0
3788,10.0
3789,10.0
3790,7.0
3791,10.0
3792,9.0
3793,6.0
3794,10.0
3795,9.0
3796,8.0
3797,10.0
3798,10.0
3799,10.0
3800,10.0
3801,8.0
3802,8.0
3803,8.0
3804,2.0
3805,10.0
3806,2.0
3807,2.0
3808,9.0
3809,10.0
3810,7.0
3811,4.0
3812,2.0
3813,6.0
3814,9.0
3815,6.0
3816,8.0
3817,9.0
3818,5.0
3819,10.0
3820,10.0
3821,10.0
3822,10.0
3823,8.0
3824,10.0
3825,6.0
3826,5.0
3827,8.0
3828,4.0
3829,2.0
3830,8.0
3831,9.0
3832,9.0
3833,8.0
3834,9.0
3835,7.0
3836,6.0
3837,6.0
3838,7.0
3839,9.0
3840,3.0
3841,9.0
3842,8.0
3843,10.0
3844,10.0
3845,10.0
3846,9.0
3847,9.0
3848,10.0
3849,9.0
3850,9.0
3851,5.0
3852,10.0
3853,3.0
3854,8.0
3855,6.0
3856,10.0
3857,10.0
3858,3.0
3859,5.0
3860,9.0
3861,10.0
3862,5.0
3863,10.0
3864,10.0
3865,9.0
3866,9.0
3867,8.0
3868,9.0
3869,2.0
3870,9.0
3871,9.0
3872,9.0
3873,7.0
3874,9.0
3875,9.0
3876,10.0
3877,4.0
3878,10.0
3879,5.0
3880,9.0
3881,10.0
3882,10.0
3883,8.0
3884,8.0
3885,2.0
3886,8.0
3887,10.0
3888,9.0
3889,8.0
3890,8.0
3891,8.0
3892,10.0
3893,8.0
3894,8.0
3895,9.0
3896,10.0
3897,5.0
3898,6.0
3899,10.0
3900,10.0
3901,9.0
3902,2.0
3903,9.0
3904,2.0
3905,9.0
3906,3.0
3907,9.0
3908,9.0
3909,8.0
3910,6.0
3911,9.0
3912,3.0
3913,10.0
3914,9.0
3915,9.0
3916,6.0
3917,6.0
3918,6.0
3919,8.0
3920,6.0
3921,6.0
3922,8.0
3923,9.0
3924,6.0
3925,10.0
3926,9.0
3927,6.0
3928,9.0
3929,6.0
3930,8.0
3931,5.0
3932,10.0
3933,6.0
3934,7.0
3935,10.0
3936,5.0
3937,10.0
3938,3.0
3939,9.0
3940,10.0
3941,5.0
3942,8.0
3943,7.0
3944,5.0
3945,3.0
3946,10.0
3947,6.0
3948,7.0
3949,8.0
3950,7.0
3951,6.0
3952,7.0
3953,7.0
3954,9.0
3955,9.0
3956,7.0
3957,4.0
3958,6.0
3959,4.0
3960,7.0
3961,10.0
3962,8.0
3963,10.0
3964,9.0
3965,8.0
3966,10.0
3967,5.0
3968,9.0
3969,10.0
3970,9.0
3971,7.0
3972,6.0
3973,6.0
3974,9.0
3975,5.0
3976,10.0
3977,8.0
3978,10.0
3979,10.0
3980,10.0
3981,6.0
3982,10.0
3983,10.0
3984,9.0
3985,6.0
3986,10.0
3987,10.0
3988,10.0
3989,10.0
3990,10.0
3991,6.0
3992,10.0
3993,8.0
3994,10.0
3995,9.0
3996,8.0
3997,10.0
3998,8.0
3999,9.0
4000,9.0
4001,5.0
4002,10.0
4003,9.0
4004,9.0
4005,9.0
4006,8.0
4007,9.0
4008,9.0
4009,10.0
4010,8.0
4011,10.0
4012,8.0
4013,10.0
4014,10.0
4015,10.0
4016,10.0
4017,8.0
4018,10.0
4019,3.0
4020,9.0
4021,10.0
4022,6.0
4023,10.0
4024,9.0
4025,3.0
4026,10.0
4027,6.0
4028,10.0
4029,6.0
4030,6.0
4031,10.0
4032,9.0
4033,10.0
4034,10.0
4035,5.0
4036,6.0
4037,8.0
4038,8.0
4039,6.0
4040,10.0
4041,10.0
4042,10.0
4043,10.0
4044,10.0
4045,6.0
4046,5.0
4047,10.0
4048,9.0
4049,4.0
4050,10.0
4051,5.0
4052,10.0
4053,10.0
4054,10.0
4055,9.0
4056,2.0
4057,10.0
4058,7.0
4059,10.0
4060,10.0
4061,8.0
4062,10.0
4063,7.0
4064,10.0
4065,10.0
4066,9.0
4067,8.0
4068,8.0
4069,10.0
4070,6.0
4071,6.0
4072,8.0
4073,8.0
4074,10.0
4075,3.0
4076,10.0
4077,3.0
4078,10.0
4079,10.0
4080,10.0
4081,9.0
4082,6.0
4083,10.0
4084,6.0
4085,6.0
4086,10.0
4087,10.0
4088,6.0
4089,9.0
4090,7.0
4091,10.0
4092,7.0
4093,5.0
4094,4.0
4095,10.0
4096,6.0
4097,10.0
4098,2.0
4099,7.0
4100,6.0
4101,7.0
4102,3.0
4103,4.0
4104,8.0
4105,10.0
4106,4.0
4107,8.0
4108,8.0
4109,8.0
4110,6.0
4111,9.0
4112,9.0
4113,10.0
4114,8.0
4115,7.0
4116,9.0
4117,4.0
4118,8.0
4119,10.0
4120,9.0
4121,10.0
4122,10.0
4123,2.0
4124,7.0
4125,10.0
4126,7.0
4127,9.0
4128,8.0
4129,8.0
4130,9.0
4131,2.0
4132,10.0
4133,5.0
4134,8.0
4135,8.0
4136,9.0
4137,6.0
4138,10.0
4139,6.0
4140,9.0
4141,8.0
4142,8.0
4143,4.0
4144,9.0
4145,8.0
4146,9.0
4147,6.0
4148,9.0
4149,7.0
4150,8.0
4151,3.0
4152,9.0
4153,9.0
4154,10.0
4155,10.0
4156,8.0
4157,9.0
4158,8.0
4159,7.0
4160,5.0
4161,7.0
4162,10.0
4163,9.0
4164,9.0
4165,8.0
4166,2.0
4167,9.0
4168,10.0
4169,9.0
4170,6.0
4171,10.0
4172,8.0
4173,5.0
4174,8.0
4175,9.0
4176,8.0
4177,7.0
4178,8.0
4179,10.0
4180,9.0
4181,8.0
4182,7.0
4183,10.0
4184,4.0
4185,8.0
4186,10.0
4187,8.0
4188,7.0
4189,3.0
4190,6.0
4191,5.0
4192,9.0
4193,10.0
4194,2.0
4195,9.0
4196,8.0
4197,9.0
4198,4.0
4199,8.0
4200,10.0
4201,7.0
4202,6.0
4203,6.0
4204,10.0
4205,10.0
4206,8.0
4207,10.0
4208,4.0
4209,8.0
4210,8.0
4211,9.0
4212,9.0
4213,10.0
4214,10.0
4215,6.0
4216,10.0
4217,9.0
4218,10.0
4219,10.0
4220,8.0
4221,9.0
4222,10.0
4223,10.0
4224,5.0
4225,9.0
4226,10.0
4227,6.0
4228,5.0
4229,6.0
4230,10.0
4231,6.0
4232,10.0
4233,10.0
4234,4.0
4235,10.0
4236,7.0
4237,10.0
4238,8.0
4239,6.0
4240,9.0
4241,3.0
4242,4.0
4243,10.0
4244,10.0
4245,10.0
4246,10.0
4247,8.0
4248,10.0
4249,6.0
4250,8.0
4251,10.0
4252,7.0
4253,7.0
4254,8.0
4255,10.0
4256,5.0
4257,8.0
4258,10.0
4259,10.0
4260,10.0
4261,8.0
4262,10.0
4263,10.0
4264,10.0
4265,8.0
4266,10.0
4267,8.0
4268,5.0
4269,6.0
4270,4.0
4271,7.0
4272,9.0
4273,10.0
4274,8.0
4275,10.0
4276,9.0
4277,10.0
4278,10.0
4279,3.0
4280,10.0
4281,7.0
4282,9.0
4283,9.0
4284,4.0
4285,10.0
4286,9.0
4287,10.0
4288,9.0
4289,10.0
4290,9.0
4291,10.0
4292,10.0
4293,7.0
4294,7.0
4295,8.0
4296,7.0
4297,9.0
4298,10.0
4299,6.0
4300,8.0
4301,9.0
4302,8.0
4303,10.0
4304,9.0
4305,7.0
4306,7.0
4307,7.0
4308,9.0
4309,8.0
4310,9.0
4311,8.0
4312,9.0
4313,9.0
4314,8.0
4315,8.0
4316,10.0
4317,8.0
4318,9.0
4319,8.0
4320,10.0
4321,2.0
4322,9.0
4323,6.0
4324,8.0
4325,9.0
4326,8.0
4327,8.0
4328,8.0
4329,10.0
4330,10.0
4331,10.0
4332,10.0
4333,9.0
4334,8.0
4335,8.0
4336,8.0
4337,8.0
4338,6.0
4339,10.0
4340,4.0
4341,9.0
4342,7.0
4343,7.0
4344,9.0
4345,9.0
4346,6.0
4347,10.0
4348,6.0
4349,8.0
4350,8.0
4351,9.0
4352,5.0
4353,7.0
4354,9.0
4355,10.0
4356,10.0
4357,10.0
4358,7.0
4359,8.0
4360,9.0
4361,6.0
4362,8.0
4363,8.0
4364,9.0
4365,9.0
4366,10.0
4367,9.0
4368,6.0
4369,10.0
4370,10.0
4371,8.0
4372,8.0
4373,9.0
4374,9.0
4375,7.0
4376,8.0
4377,8.0
4378,10.0
4379,9.0
4380,7.0
4381,9.0
4382,7.0
4383,3.0
4384,9.0
4385,9.0
4386,10.0
4387,5.0
4388,10.0
4389,9.0
4390,9.0
4391,9.0
4392,8.0
4393,8.0
4394,10.0
4395,5.0
4396,2.0
4397,8.0
4398,9.0
4399,4.0
4400,9.0
4401,10.0
4402,8.0
4403,9.0
4404,8.0
4405,10.0
4406,8.0
4407,2.0
4408,8.0
4409,9.0
4410,9.0
4411,10.0
4412,4.0
4413,10.0
4414,4.0
4415,6.0
4416,9.0
4417,10.0
4418,8.0
4419,10.0
4420,7.0
4421,9.0
4422,8.0
4423,9.0
4424,9.0
4425,6.0
4426,8.0
4427,8.0
4428,8.0
4429,8.0
4430,9.0
4431,9.0
4432,9.0
4433,4.0
4434,10.0
4435,9.0
4436,9.0
4437,6.0
4438,8.0
4439,9.0
4440,4.0
4441,2.0
4442,10.0
4443,8.0
4444,9.0
4445,7.0
4446,10.0
4447,9.0
4448,10.0
4449,9.0
4450,9.0
4451,8.0
4452,6.0
4453,9.0
4454,10.0
4455,9.0
4456,8.0
4457,9.0
4458,5.0
4459,6.0
4460,9.0
4461,8.0
4462,10.0
4463,9.0
4464,4.0
4465,8.0
4466,8.0
4467,10.0
4468,8.0
4469,7.0
4470,10.0
4471,8.0
4472,8.0
4473,9.0
4474,9.0
4475,9.0
4476,4.0
4477,8.0
4478,10.0
4479,8.0
4480,9.0
4481,8.0
4482,6.0
4483,9.0
4484,8.0
4485,5.0
4486,9.0
4487,8.0
4488,10.0
4489,8.0
4490,9.0
4491,9.0
4492,9.0
4493,8.0
4494,10.0
4495,6.0
4496,10.0
4497,9.0
4498,8.0
4499,10.0
4500,10.0
4501,10.0
4502,10.0
4503,10.0
4504,9.0
4505,10.0
4506,9.0
4507,6.0
4508,10.0
4509,9.0
4510,8.0
4511,2.0
4512,10.0
4513,8.0
4514,10.0
4515,10.0
4516,10.0
4517,10.0
4518,10.0
4519,7.0
4520,9.0
4521,10.0
4522,9.0
4523,8.0
4524,9.0
4525,8.0
4526,4.0
4527,10.0
4528,9.0
4529,10.0
4530,10.0
4531,7.0
4532,6.0
4533,6.0
4534,10.0
4535,10.0
4536,9.0
4537,5.0
4538,5.0
4539,9.0
4540,6.0
4541,6.0
4542,6.0
4543,7.0
4544,9.0
4545,9.0
4546,10.0
4547,10.0
4548,10.0
4549,5.0
4550,9.0
4551,10.0
4552,5.0
4553,7.0
4554,8.0
4555,10.0
4556,6.0
4557,4.0
4558,9.0
4559,9.0
4560,9.0
4561,4.0
4562,9.0
4563,8.0
4564,10.0
4565,8.0
4566,7.0
4567,5.0
4568,10.0
4569,10.0
4570,6.0
4571,10.0
4572,9.0
4573,9.0
4574,9.0
4575,6.0
4576,9.0
4577,3.0
4578,4.0
4579,3.0
4580,7.0
4581,10.0
4582,10.0
4583,10.0
4584,10.0
4585,10.0
4586,5.0
4587,2.0
4588,8.0
4589,6.0
4590,10.0
4591,10.0
4592,2.0
4593,8.0
4594,9.0
4595,10.0
4596,10.0
4597,10.0
4598,7.0
4599,8.0
4600,10.0
4601,5.0
4602,2.0
4603,5.0
4604,6.0
4605,4.0
4606,9.0
4607,10.0
4608,4.0
4609,7.0
4610,10.0
4611,9.0
4612,10.0
4613,8.0
4614,7.0
4615,10.0
4616,3.0
4617,6.0
4618,8.0
4619,10.0
4620,6.0
4621,6.0
4622,5.0
4623,9.0
4624,4.0
4625,3.0
4626,3.0
4627,10.0
4628,4.0
4629,5.0
4630,10.0
4631,10.0
4632,5.0
4633,8.0
4634,7.0
4635,9.0
4636,7.0
4637,10.0
4638,10.0
4639,8.0
4640,10.0
4641,6.0
4642,3.0
4643,10.0
4644,10.0
4645,9.0
4646,9.0
4647,10.0
4648,8.0
4649,6.0
4650,10.0
4651,9.0
4652,6.0
4653,6.0
4654,10.0
4655,10.0
4656,7.0
4657,5.0
4658,6.0
4659,6.0
4660,10.0
4661,10.0
4662,10.0
4663,6.0
4664,10.0
4665,10.0
4666,6.0
4667,10.0
4668,6.0
4669,10.0
4670,10.0
4671,10.0
4672,10.0
4673,10.0
4674,6.0
4675,10.0
4676,10.0
4677,10.0
4678,9.0
4679,10.0
4680,9.0
4681,10.0
4682,9.0
4683,9.0
4684,10.0
4685,9.0
4686,4.0
4687,10.0
4688,9.0
4689,6.0
4690,10.0
4691,10.0
4692,9.0
4693,10.0
4694,10.0
4695,4.0
4696,9.0
4697,5.0
4698,10.0
4699,6.0
4700,7.0
4701,10.0
4702,2.0
4703,9.0
4704,4.0
4705,9.0
4706,10.0
4707,10.0
4708,9.0
4709,10.0
4710,6.0
4711,10.0
4712,8.0
4713,9.0
4714,10.0
4715,5.0
4716,10.0
4717,6.0
4718,6.0
4719,10.0
4720,10.0
4721,4.0
4722,10.0
4723,8.0
4724,6.0
4725,10.0
4726,10.0
4727,9.0
4728,10.0
4729,6.0
4730,10.0
4731,10.0
4732,5.0
4733,10.0
4734,8.0
4735,6.0
4736,10.0
4737,8.0
4738,10.0
4739,10.0
4740,10.0
4741,10.0
4742,9.0
4743,10.0
4744,8.0
4745,7.0
4746,10.0
4747,6.0
4748,5.0
4749,10.0
4750,5.0
4751,8.0
4752,8.0
4753,8.0
4754,10.0
4755,10.0
4756,10.0
4757,10.0
4758,9.0
4759,10.0
4760,10.0
4761,9.0
4762,10.0
4763,10.0
4764,10.0
4765,10.0
4766,10.0
4767,10.0
4768,10.0
4769,10.0
4770,10.0
4771,10.0
4772,6.0
4773,10.0
4774,6.0
4775,10.0
4776,7.0
4777,10.0
4778,6.0
4779,10.0
4780,2.0
4781,10.0
4782,7.0
4783,9.0
4784,10.0
4785,10.0
4786,10.0
4787,6.0
4788,10.0
4789,10.0
4790,6.0
4791,10.0
4792,10.0
4793,4.0
4794,10.0
4795,6.0
4796,10.0
4797,10.0
4798,10.0
4799,10.0
4800,10.0
4801,10.0
4802,6.0
4803,10.0
4804,10.0
4805,6.0
4806,6.0
4807,10.0
4808,10.0
4809,10.0
4810,10.0
4811,7.0
4812,10.0
4813,10.0
4814,10.0
4815,10.0
4816,10.0
4817,10.0
4818,7.0
4819,10.0
4820,10.0
4821,10.0
4822,10.0
4823,10.0
4824,10.0
4825,10.0
4826,10.0
4827,10.0
4828,6.0
4829,10.0
4830,10.0
4831,10.0
4832,10.0
4833,10.0
4834,6.0
4835,10.0
4836,10.0
4837,6.0
4838,10.0
4839,6.0
4840,10.0
4841,10.0
4842,2.0
4843,10.0
4844,7.0
4845,9.0
4846,5.0
4847,8.0
4848,8.0
4849,9.0
4850,8.0
4851,10.0
4852,8.0
4853,10.0
4854,6.0
4855,10.0
4856,5.0
4857,2.0
4858,9.0
4859,4.0
4860,3.0
4861,10.0
4862,6.0
4863,9.0
4864,8.0
4865,9.0
4866,2.0
4867,8.0
4868,9.0
4869,9.0
4870,8.0
4871,5.0
4872,9.0
4873,8.0
4874,9.0
4875,7.0
4876,4.0
4877,10.0
4878,5.0
4879,8.0
4880,9.0
4881,10.0
4882,6.0
4883,5.0
4884,10.0
4885,9.0
4886,6.0
4887,6.0
4888,9.0
4889,10.0
4890,10.0
4891,5.0
4892,10.0
4893,9.0
4894,10.0
4895,9.0
4896,6.0
4897,10.0
4898,9.0
4899,9.0
4900,10.0
4901,9.0
4902,8.0
4903,8.0
4904,2.0
4905,10.0
4906,10.0
4907,4.0
4908,6.0
4909,7.0
4910,9.0
4911,7.0
4912,5.0
4913,3.0
4914,10.0
4915,4.0
4916,9.0
4917,9.0
4918,10.0
4919,8.0
4920,9.0
4921,9.0
4922,10.0
4923,9.0
4924,10.0
4925,8.0
4926,10.0
4927,2.0
4928,10.0
4929,8.0
4930,9.0
4931,9.0
4932,9.0
4933,10.0
4934,8.0
4935,9.0
4936,4.0
4937,9.0
4938,8.0
4939,9.0
4940,9.0
4941,8.0
4942,8.0
4943,9.0
4944,9.0
4945,3.0
4946,10.0
4947,5.0
4948,10.0
4949,4.0
4950,10.0
4951,9.0
4952,10.0
4953,10.0
4954,8.0
4955,8.0
4956,10.0
4957,9.0
4958,4.0
4959,9.0
4960,5.0
4961,6.0
4962,8.0
4963,6.0
4964,2.0
4965,6.0
4966,2.0
4967,8.0
4968,9.0
4969,6.0
4970,4.0
4971,5.0
4972,8.0
4973,9.0
4974,9.0
4975,9.0
4976,9.0
4977,2.0
4978,9.0
4979,10.0
4980,9.0
4981,10.0
4982,10.0
4983,2.0
4984,9.0
4985,6.0
4986,8.0
4987,7.0
4988,2.0
4989,5.0
4990,6.0
4991,8.0
4992,2.0
4993,3.0
4994,3.0
4995,6.0
4996,4.0
4997,9.0
4998,6.0
4999,5.0
5000,8.0
5001,7.0
5002,5.0
5003,3.0
5004,10.0
5005,8.0
5006,4.0
5007,9.0
5008,2.0
5009,2.0
5010,4.0
5011,2.0
5012,7.0
5013,8.0
5014,9.0
5015,10.0
5016,5.0
5017,8.0
5018,3.0
5019,2.0
5020,2.0
5021,4.0
5022,8.0
5023,4.0
5024,6.0
5025,8.0
5026,10.0
5027,9.0
5028,7.0
5029,5.0
5030,7.0
5031,9.0
5032,9.0
5033,9.0
5034,9.0
5035,6.0
5036,2.0
5037,2.0
5038,8.0
5039,3.0
5040,10.0
5041,7.0
5042,5.0
5043,4.0
5044,10.0
5045,6.0
5046,10.0
5047,2.0
5048,7.0
5049,6.0
5050,7.0
5051,3.0
5052,4.0
5053,8.0
5054,10.0
5055,4.0
5056,8.0
5057,8.0
5058,8.0
5059,6.0
5060,9.0
5061,9.0
5062,10.0
5063,8.0
5064,7.0
5065,9.0
5066,4.0
5067,8.0
5068,10.0
5069,9.0
5070,10.0
5071,10.0
5072,2.0
5073,7.0
5074,10.0
5075,7.0
5076,9.0
5077,8.0
5078,8.0
5079,9.0
5080,2.0
5081,10.0
5082,5.0
5083,8.0
5084,8.0
5085,9.0
5086,6.0
5087,10.0
5088,6.0
5089,9.0
5090,8.0
5091,8.0
5092,4.0
5093,9.0
5094,8.0
5095,9.0
5096,6.0
5097,9.0
5098,7.0
5099,8.0
5100,3.0
5101,9.0
5102,9.0
5103,10.0
5104,10.0
5105,8.0
5106,9.0
5107,8.0
5108,7.0
5109,5.0
5110,7.0
5111,10.0
5112,9.0
5113,9.0
5114,8.0
5115,2.0
5116,9.0
5117,10.0
5118,9.0
5119,6.0
5120,10.0
5121,8.0
5122,5.0
5123,8.0
5124,9.0
5125,8.0
5126,7.0
5127,8.0
5128,10.0
5129,9.0
5130,8.0
5131,7.0
5132,10.0
5133,4.0
5134,8.0
5135,10.0
5136,8.0
5137,7.0
5138,3.0
5139,6.0
5140,5.0
5141,9.0
5142,7.0
5143,7.0
5144,9.0
5145,6.0
5146,3.0
5147,8.0
5148,8.0
5149,5.0
5150,8.0
5151,6.0
5152,10.0
5153,10.0
5154,5.0
5155,9.0
5156,8.0
5157,10.0
5158,9.0
5159,9.0
5160,8.0
5161,5.0
5162,4.0
5163,5.0
5164,8.0
5165,8.0
5166,6.0
5167,6.0
5168,9.0
5169,8.0
5170,9.0
5171,6.0
5172,7.0
5173,9.0
5174,10.0
5175,8.0
5176,4.0
5177,10.0
5178,9.0
5179,6.0
5180,10.0
5181,10.0
5182,4.0
5183,9.0
5184,7.0
5185,10.0
5186,9.0
5187,8.0
5188,10.0
5189,10.0
5190,9.0
5191,4.0
5192,9.0
5193,8.0
5194,8.0
5195,8.0
5196,9.0
5197,8.0
5198,9.0
5199,7.0
5200,9.0
5201,8.0
5202,10.0
5203,8.0
5204,10.0
5205,9.0
5206,8.0
5207,10.0
5208,8.0
5209,3.0
5210,6.0
5211,9.0
5212,10.0
5213,10.0
5214,10.0
5215,4.0
5216,9.0
5217,10.0
5218,4.0
5219,9.0
5220,8.0
5221,10.0
5222,8.0
5223,10.0
5224,6.0
5225,9.0
5226,6.0
5227,10.0
5228,10.0
5229,9.0
5230,9.0
5231,10.0
5232,9.0
5233,10.0
5234,2.0
5235,9.0
5236,10.0
5237,10.0
5238,10.0
5239,5.0
5240,10.0
5241,10.0
5242,6.0
5243,8.0
5244,6.0
5245,10.0
5246,9.0
5247,4.0
5248,8.0
5249,6.0
5250,10.0
5251,6.0
5252,8.0
5253,10.0
5254,10.0
5255,9.0
5256,10.0
5257,6.0
5258,2.0
5259,9.0
5260,8.0
5261,3.0
5262,9.0
5263,7.0
5264,7.0
5265,10.0
5266,6.0
5267,10.0
5268,8.0
5269,10.0
5270,2.0
5271,9.0
5272,3.0
5273,9.0
5274,8.0
5275,5.0
5276,5.0
5277,4.0
5278,7.0
5279,8.0
5280,10.0
5281,8.0
5282,8.0
5283,8.0
5284,8.0
5285,4.0
5286,8.0
5287,10.0
5288,8.0
5289,7.0
5290,4.0
5291,3.0
5292,10.0
5293,5.0
5294,10.0
5295,5.0
5296,8.0
5297,6.0
5298,9.0
5299,10.0
5300,4.0
5301,4.0
5302,5.0
5303,10.0
5304,6.0
5305,6.0
5306,10.0
5307,8.0
5308,8.0
5309,10.0
5310,4.0
5311,5.0
5312,10.0
5313,7.0
5314,10.0
5315,7.0
5316,9.0
5317,10.0
5318,5.0
5319,6.0
5320,10.0
5321,6.0
5322,10.0
5323,10.0
5324,6.0
5325,6.0
5326,9.0
5327,8.0
5328,10.0
5329,3.0
5330,10.0
5331,7.0
5332,8.0
5333,4.0
5334,4.0
5335,8.0
5336,8.0
5337,7.0
5338,9.0
5339,6.0
5340,9.0
5341,9.0
5342,6.0
5343,3.0
5344,9.0
5345,5.0
5346,9.0
5347,6.0
5348,7.0
5349,8.0
5350,6.0
5351,10.0
5352,5.0
5353,10.0
5354,10.0
5355,3.0
5356,9.0
5357,9.0
5358,7.0
5359,8.0
5360,8.0
5361,10.0
5362,9.0
5363,7.0
5364,9.0
5365,3.0
5366,9.0
5367,8.0
5368,6.0
5369,10.0
5370,5.0
5371,7.0
5372,3.0
5373,8.0
5374,7.0
5375,7.0
5376,3.0
5377,2.0
5378,8.0
5379,5.0
5380,8.0
5381,6.0
5382,10.0
5383,9.0
5384,10.0
5385,7.0
5386,10.0
5387,4.0
5388,10.0
5389,8.0
5390,10.0
5391,10.0
5392,10.0
5393,10.0
5394,8.0
5395,2.0
5396,9.0
5397,10.0
5398,10.0
5399,9.0
5400,5.0
5401,9.0
5402,6.0
5403,9.0
5404,4.0
5405,6.0
5406,9.0
5407,10.0
5408,5.0
5409,6.0
5410,9.0
5411,10.0
5412,6.0
5413,6.0
5414,8.0
5415,6.0
5416,10.0
5417,5.0
5418,4.0
5419,8.0
5420,10.0
5421,6.0
5422,9.0
5423,9.0
5424,9.0
5425,6.0
5426,2.0
5427,8.0
5428,9.0
5429,5.0
5430,6.0
5431,6.0
5432,4.0
5433,5.0
5434,9.0
5435,3.0
5436,10.0
5437,9.0
5438,8.0
5439,10.0
5440,10.0
5441,8.0
5442,10.0
5443,10.0
5444,8.0
5445,8.0
5446,10.0
5447,6.0
5448,9.0
5449,8.0
5450,9.0
5451,10.0
5452,4.0
5453,2.0
5454,9.0
5455,3.0
5456,9.0
5457,8.0
5458,8.0
5459,5.0
5460,9.0
5461,10.0
5462,5.0
5463,8.0
5464,9.0
5465,10.0
5466,2.0
5467,9.0
5468,7.0
5469,9.0
5470,10.0
5471,10.0
5472,9.0
5473,9.0
5474,9.0
5475,5.0
5476,6.0
5477,7.0
5478,8.0
5479,9.0
5480,9.0
5481,8.0
5482,7.0
5483,5.0
5484,10.0
5485,8.0
5486,7.0
5487,8.0
5488,9.0
5489,8.0
5490,4.0
5491,9.0
5492,7.0
5493,10.0
5494,9.0
5495,9.0
5496,9.0
5497,8.0
5498,9.0
5499,9.0
5500,10.0
5501,5.0
5502,10.0
5503,9.0
5504,8.0
5505,4.0
5506,7.0
5507,10.0
5508,8.0
5509,5.0
5510,7.0
5511,10.0
5512,5.0
5513,6.0
5514,9.0
5515,10.0
5516,4.0
5517,9.0
5518,5.0
5519,6.0
5520,9.0
5521,9.0
5522,9.0
5523,4.0
5524,9.0
5525,9.0
5526,8.0
5527,8.0
5528,8.0
5529,8.0
5530,8.0
5531,10.0
5532,6.0
5533,8.0
5534,7.0
5535,4.0
5536,10.0
5537,9.0
5538,2.0
5539,5.0
5540,8.0
5541,9.0
5542,8.0
5543,10.0
5544,5.0
5545,7.0
5546,9.0
5547,3.0
5548,9.0
5549,6.0
5550,7.0
5551,10.0
5552,10.0
5553,8.0
5554,10.0
5555,9.0
5556,10.0
5557,7.0
5558,9.0
5559,9.0
5560,8.0
5561,9.0
5562,6.0
5563,10.0
5564,4.0
5565,10.0
5566,10.0
5567,10.0
5568,4.0
5569,3.0
5570,9.0
5571,9.0
5572,6.0
5573,8.0
5574,10.0
5575,10.0
5576,10.0
5577,10.0
5578,9.0
5579,9.0
5580,7.0
5581,7.0
5582,9.0
5583,8.0
5584,6.0
5585,2.0
5586,9.0
5587,10.0
5588,9.0
5589,2.0
5590,5.0
5591,7.0
5592,10.0
5593,9.0
5594,8.0
5595,6.0
5596,10.0
5597,9.0
5598,9.0
5599,5.0
5600,7.0
5601,10.0
5602,2.0
5603,10.0
5604,8.0
5605,10.0
5606,5.0
5607,10.0
5608,10.0
5609,10.0
5610,9.0
5611,4.0
5612,10.0
5613,6.0
5614,9.0
5615,8.0
5616,5.0
5617,5.0
5618,5.0
5619,8.0
5620,3.0
5621,10.0
5622,10.0
5623,9.0
5624,7.0
5625,6.0
5626,9.0
5627,10.0
5628,7.0
5629,10.0
5630,3.0
5631,7.0
5632,5.0
5633,4.0
5634,6.0
5635,10.0
5636,8.0
5637,6.0
5638,10.0
5639,10.0
5640,5.0
5641,10.0
5642,8.0
5643,5.0
5644,9.0
5645,9.0
5646,9.0
5647,9.0
5648,9.0
5649,10.0
5650,9.0
5651,6.0
5652,10.0
5653,9.0
5654,10.0
5655,7.0
5656,2.0
5657,9.0
5658,6.0
5659,8.0
5660,7.0
5661,6.0
5662,10.0
5663,7.0
5664,10.0
5665,9.0
5666,10.0
5667,9.0
5668,10.0
5669,10.0
5670,10.0
5671,6.0
5672,8.0
5673,10.0
5674,10.0
5675,10.0
5676,8.0
5677,8.0
5678,6.0
5679,6.0
5680,5.0
5681,9.0
5682,8.0
5683,7.0
5684,5.0
5685,4.0
5686,8.0
5687,9.0
5688,10.0
5689,10.0
5690,9.0
5691,9.0
5692,8.0
5693,6.0
5694,3.0
5695,5.0
5696,3.0
5697,8.0
5698,8.0
5699,2.0
5700,5.0
5701,10.0
5702,10.0
5703,7.0
5704,8.0
5705,5.0
5706,6.0
5707,8.0
5708,8.0
5709,9.0
5710,7.0
5711,8.0
5712,9.0
5713,2.0
5714,10.0
5715,10.0
5716,8.0
5717,9.0
5718,9.0
5719,9.0
5720,6.0
5721,10.0
5722,7.0
5723,2.0
5724,6.0
5725,6.0
5726,6.0
5727,10.0
5728,8.0
5729,9.0
5730,5.0
5731,9.0
5732,9.0
5733,8.0
5734,10.0
5735,10.0
5736,10.0
5737,9.0
5738,4.0
5739,10.0
5740,7.0
5741,8.0
5742,8.0
5743,7.0
5744,7.0
5745,6.0
5746,8.0
5747,9.0
5748,8.0
5749,10.0
5750,10.0
5751,2.0
5752,10.0
5753,9.0
5754,9.0
5755,6.0
5756,7.0
5757,10.0
5758,3.0
5759,6.0
5760,10.0
5761,7.0
5762,7.0
5763,10.0
5764,5.0
5765,8.0
5766,10.0
5767,7.0
5768,7.0
5769,6.0
5770,3.0
5771,10.0
5772,7.0
5773,10.0
5774,2.0
5775,9.0
5776,10.0
5777,5.0
5778,6.0
5779,10.0
5780,2.0
5781,6.0
5782,10.0
5783,2.0
5784,10.0
5785,10.0
5786,10.0
5787,10.0
5788,5.0
5789,10.0
5790,5.0
5791,9.0
5792,10.0
5793,10.0
5794,9.0
5795,10.0
5796,5.0
5797,6.0
5798,10.0
5799,9.0
5800,10.0
5801,2.0
5802,5.0
5803,6.0
5804,6.0
5805,5.0
5806,4.0
5807,10.0
5808,8.0
5809,10.0
5810,8.0
5811,10.0
5812,7.0
5813,5.0
5814,5.0
5815,6.0
5816,8.0
5817,10.0
5818,3.0
5819,10.0
5820,6.0
5821,10.0
5822,10.0
5823,10.0
5824,9.0
5825,10.0
5826,4.0
5827,2.0
5828,10.0
5829,8.0
5830,10.0
5831,9.0
5832,10.0
5833,10.0
5834,10.0
5835,10.0
5836,10.0
5837,2.0
5838,8.0
5839,10.0
5840,7.0
5841,10.0
5842,10.0
5843,6.0
5844,6.0
5845,10.0
5846,6.0
5847,6.0
5848,10.0
5849,6.0
5850,10.0
5851,10.0
5852,8.0
5853,6.0
5854,10.0
5855,10.0
5856,7.0
5857,6.0
5858,4.0
5859,10.0
5860,7.0
5861,10.0
5862,7.0
5863,6.0
5864,8.0
5865,10.0
5866,7.0
5867,3.0
5868,8.0
5869,10.0
5870,5.0
5871,10.0
5872,10.0
5873,9.0
5874,10.0
5875,10.0
5876,2.0
5877,5.0
5878,10.0
5879,9.0
5880,3.0
5881,6.0
5882,2.0
5883,6.0
5884,9.0
5885,10.0
5886,9.0
5887,6.0
5888,9.0
5889,10.0
5890,8.0
5891,3.0
5892,9.0
5893,2.0
5894,6.0
5895,10.0
5896,6.0
5897,7.0
5898,6.0
5899,4.0
5900,9.0
5901,6.0
5902,8.0
5903,9.0
5904,4.0
5905,10.0
5906,10.0
5907,10.0
5908,3.0
5909,10.0
5910,3.0
5911,2.0
5912,2.0
5913,7.0
5914,7.0
5915,7.0
5916,5.0
5917,4.0
5918,6.0
5919,10.0
5920,7.0
5921,8.0
5922,7.0
5923,6.0
5924,5.0
5925,10.0
5926,10.0
5927,6.0
5928,6.0
5929,10.0
5930,10.0
5931,2.0
5932,3.0
5933,7.0
5934,6.0
5935,10.0
5936,10.0
5937,2.0
5938,10.0
5939,2.0
5940,10.0
5941,9.0
5942,9.0
5943,3.0
5944,4.0
5945,6.0
5946,2.0
5947,10.0
5948,7.0
5949,6.0
5950,10.0
5951,8.0
5952,10.0
5953,8.0
5954,9.0
5955,9.0
5956,9.0
5957,8.0
5958,8.0
5959,9.0
5960,9.0
5961,8.0
5962,4.0
5963,9.0
5964,8.0
5965,9.0
5966,3.0
5967,9.0
5968,5.0
5969,9.0
5970,10.0
5971,2.0
5972,9.0
5973,5.0
5974,4.0
5975,9.0
5976,6.0
5977,7.0
5978,6.0
5979,8.0
5980,9.0
5981,5.0
5982,3.0
5983,10.0
5984,10.0
5985,8.0
5986,4.0
5987,8.0
5988,8.0
5989,4.0
5990,10.0
5991,3.0
5992,10.0
5993,8.0
5994,10.0
5995,10.0
5996,8.0
5997,8.0
5998,9.0
5999,8.0
6000,9.0
6001,10.0
6002,8.0
6003,10.0
6004,10.0
6005,5.0
6006,8.0
6007,9.0
6008,8.0
6009,4.0
6010,4.0
6011,8.0
6012,7.0
6013,8.0
6014,3.0
6015,7.0
6016,4.0
6017,7.0
6018,10.0
6019,9.0
6020,8.0
6021,9.0
6022,10.0
6023,9.0
6024,9.0
6025,3.0
6026,6.0
6027,4.0
6028,9.0
6029,10.0
6030,7.0
6031,9.0
6032,7.0
6033,8.0
6034,4.0
6035,4.0
6036,10.0
6037,10.0
6038,9.0
6039,10.0
6040,9.0
6041,7.0
6042,10.0
6043,8.0
6044,4.0
6045,8.0
6046,6.0
6047,9.0
6048,9.0
6049,6.0
6050,8.0
6051,7.0
6052,5.0
6053,9.0
6054,8.0
6055,10.0
6056,8.0
6057,6.0
6058,8.0
6059,4.0
6060,6.0
6061,3.0
6062,10.0
6063,6.0
6064,3.0
6065,10.0
6066,9.0
6067,8.0
6068,9.0
6069,4.0
6070,10.0
6071,10.0
6072,6.0
6073,6.0
6074,8.0
6075,8.0
6076,10.0
6077,5.0
6078,7.0
6079,3.0
6080,9.0
6081,10.0
6082,3.0
6083,9.0
6084,6.0
6085,10.0
6086,5.0
6087,6.0
6088,6.0
6089,8.0
6090,8.0
6091,8.0
6092,9.0
6093,4.0
6094,6.0
6095,10.0
6096,10.0
6097,7.0
6098,2.0
6099,8.0
6100,7.0
6101,2.0
6102,9.0
6103,8.0
6104,9.0
6105,9.0
6106,7.0
6107,5.0
6108,8.0
6109,2.0
6110,6.0
6111,10.0
6112,10.0
6113,4.0
6114,5.0
6115,5.0
6116,5.0
6117,8.0
6118,7.0
6119,5.0
6120,7.0
6121,8.0
6122,10.0
6123,8.0
6124,9.0
6125,7.0
6126,6.0
6127,9.0
6128,4.0
6129,6.0
6130,9.0
6131,9.0
6132,8.0
6133,8.0
6134,10.0
6135,8.0
6136,10.0
6137,3.0
6138,10.0
6139,10.0
6140,9.0
6141,2.0
6142,4.0
6143,8.0
6144,7.0
6145,6.0
6146,10.0
6147,6.0
6148,6.0
6149,8.0
6150,10.0
6151,9.0
6152,2.0
6153,10.0
6154,7.0
6155,10.0
6156,6.0
6157,4.0
6158,10.0
6159,5.0
6160,7.0
6161,9.0
6162,9.0
6163,10.0
6164,2.0
6165,8.0
6166,9.0
6167,4.0
6168,8.0
6169,8.0
6170,10.0
6171,8.0
6172,10.0
6173,8.0
6174,4.0
6175,2.0
6176,10.0
6177,6.0
6178,8.0
6179,4.0
6180,6.0
6181,7.0
6182,10.0
6183,9.0
6184,7.0
6185,8.0
6186,7.0
6187,4.0
6188,7.0
6189,9.0
6190,7.0
6191,5.0
6192,8.0
6193,10.0
6194,8.0
6195,5.0
6196,5.0
6197,3.0
6198,10.0
6199,2.0
6200,8.0
6201,7.0
6202,9.0
6203,8.0
6204,8.0
6205,4.0
6206,7.0
6207,10.0
6208,9.0
6209,10.0
6210,5.0
6211,6.0
6212,5.0
6213,4.0
6214,10.0
6215,9.0
6216,6.0
6217,8.0
6218,6.0
6219,6.0
6220,7.0
6221,10.0
6222,9.0
6223,9.0
6224,10.0
6225,7.0
6226,4.0
6227,10.0
6228,6.0
6229,10.0
6230,10.0
6231,8.0
6232,10.0
6233,10.0
6234,7.0
6235,10.0
6236,8.0
6237,9.0
6238,9.0
6239,2.0
6240,4.0
6241,6.0
6242,9.0
6243,9.0
6244,6.0
6245,8.0
6246,5.0
6247,8.0
6248,7.0
6249,9.0
6250,9.0
6251,9.0
6252,5.0
6253,10.0
6254,4.0
6255,10.0
6256,9.0
6257,6.0
6258,10.0
6259,10.0
6260,8.0
6261,8.0
6262,8.0
6263,10.0
6264,10.0
6265,6.0
6266,10.0
6267,9.0
6268,6.0
6269,10.0
6270,10.0
6271,10.0
6272,10.0
6273,8.0
6274,8.0
6275,6.0
6276,8.0
6277,9.0
6278,9.0
6279,6.0
6280,8.0
6281,4.0
6282,9.0
6283,5.0
6284,4.0
6285,8.0
6286,6.0
6287,4.0
6288,2.0
6289,10.0
6290,10.0
6291,8.0
6292,6.0
6293,4.0
6294,2.0
6295,6.0
6296,5.0
6297,9.0
6298,8.0
6299,10.0
6300,5.0
6301,9.0
6302,8.0
6303,4.0
6304,10.0
6305,2.0
6306,8.0
6307,7.0
6308,2.0
6309,9.0
6310,2.0
6311,9.0
6312,6.0
6313,10.0
6314,10.0
6315,8.0
6316,10.0
6317,5.0
6318,5.0
6319,9.0
6320,8.0
6321,7.0
6322,7.0
6323,7.0
6324,9.0
6325,5.0
6326,8.0
6327,6.0
6328,4.0
6329,10.0
6330,10.0
6331,9.0
6332,10.0
6333,4.0
6334,10.0
6335,9.0
6336,6.0
6337,6.0
6338,8.0
6339,6.0
6340,8.0
6341,9.0
6342,2.0
6343,9.0
6344,5.0
6345,10.0
6346,10.0
6347,9.0
6348,9.0
6349,2.0
6350,2.0
6351,7.0
6352,5.0
6353,6.0
6354,8.0
6355,10.0
6356,10.0
6357,3.0
6358,2.0
6359,3.0
6360,6.0
6361,10.0
6362,3.0
6363,6.0
6364,10.0
6365,10.0
6366,9.0
6367,6.0
6368,7.0
6369,10.0
6370,2.0
6371,10.0
6372,8.0
6373,4.0
6374,10.0
6375,2.0
6376,4.0
6377,6.0
6378,8.0
6379,10.0
6380,9.0
6381,6.0
6382,6.0
6383,2.0
6384,9.0
6385,3.0
6386,2.0
6387,4.0
6388,3.0
6389,6.0
6390,8.0
6391,4.0
6392,2.0
6393,9.0
6394,10.0
6395,6.0
6396,7.0
6397,6.0
6398,3.0
6399,10.0
6400,2.0
6401,9.0
6402,7.0
6403,4.0
6404,9.0
6405,10.0
6406,7.0
6407,6.0
6408,2.0
6409,9.0
6410,3.0
6411,4.0
6412,4.0
6413,9.0
6414,8.0
6415,9.0
6416,6.0
6417,10.0
6418,9.0
6419,5.0
6420,10.0
6421,10.0
6422,8.0
6423,10.0
6424,4.0
6425,10.0
6426,6.0
6427,9.0
6428,9.0
6429,9.0
6430,8.0
6431,10.0
6432,10.0
6433,9.0
6434,6.0
6435,4.0
6436,10.0
6437,9.0
6438,4.0
6439,8.0
6440,6.0
6441,6.0
6442,10.0
6443,6.0
6444,10.0
6445,2.0
6446,10.0
6447,9.0
6448,4.0
6449,9.0
6450,8.0
6451,10.0
6452,3.0
6453,7.0
6454,6.0
6455,8.0
6456,8.0
6457,5.0
6458,7.0
6459,2.0
6460,6.0
6461,7.0
6462,10.0
6463,9.0
6464,10.0
6465,10.0
6466,9.0
6467,5.0
6468,10.0
6469,10.0
6470,9.0
6471,6.0
6472,10.0
6473,8.0
6474,8.0
6475,8.0
6476,9.0
6477,3.0
6478,9.0
6479,8.0
6480,9.0
6481,6.0
6482,9.0
6483,10.0
6484,8.0
6485,10.0
6486,9.0
6487,8.0
6488,6.0
6489,8.0
6490,9.0
6491,9.0
6492,10.0
6493,3.0
6494,10.0
6495,7.0
6496,7.0
6497,4.0
6498,9.0
6499,10.0
6500,9.0
6501,10.0
6502,8.0
6503,8.0
6504,5.0
6505,4.0
6506,5.0
6507,8.0
6508,8.0
6509,9.0
6510,10.0
6511,9.0
6512,10.0
6513,10.0
6514,8.0
6515,5.0
6516,10.0
6517,10.0
6518,9.0
6519,8.0
6520,10.0
6521,10.0
6522,10.0
6523,10.0
6524,8.0
6525,8.0
6526,10.0
6527,8.0
6528,5.0
6529,4.0
6530,8.0
6531,6.0
6532,8.0
6533,6.0
6534,10.0
6535,8.0
6536,5.0
6537,6.0
6538,10.0
6539,9.0
6540,10.0
6541,9.0
6542,10.0
6543,10.0
6544,10.0
6545,8.0
6546,2.0
6547,9.0
6548,7.0
6549,10.0
6550,8.0
6551,6.0
6552,6.0
6553,10.0
6554,6.0
6555,6.0
6556,3.0
6557,2.0
6558,6.0
6559,8.0
6560,6.0
6561,10.0
6562,9.0
6563,10.0
6564,10.0
6565,8.0
6566,9.0
6567,9.0
6568,10.0
6569,4.0
6570,9.0
6571,10.0
6572,6.0
6573,8.0
6574,10.0
6575,8.0
6576,9.0
6577,5.0
6578,10.0
6579,6.0
6580,8.0
6581,9.0
6582,10.0
6583,10.0
6584,9.0
6585,10.0
6586,10.0
6587,10.0
6588,10.0
6589,10.0
6590,9.0
6591,10.0
6592,9.0
6593,6.0
6594,6.0
6595,3.0
6596,10.0
6597,5.0
6598,6.0
6599,9.0
6600,9.0
6601,8.0
6602,6.0
6603,9.0
6604,8.0
6605,9.0
6606,8.0
6607,10.0
6608,8.0
6609,7.0
6610,10.0
6611,8.0
6612,10.0
6613,8.0
6614,9.0
6615,10.0
6616,8.0
6617,10.0
6618,10.0
6619,9.0
6620,9.0
6621,8.0
6622,10.0
6623,5.0
6624,8.0
6625,10.0
6626,7.0
6627,9.0
6628,8.0
6629,6.0
6630,3.0
6631,9.0
6632,10.0
6633,10.0
6634,9.0
6635,9.0
6636,10.0
6637,8.0
6638,8.0
6639,4.0
6640,8.0
6641,9.0
6642,6.0
6643,10.0
6644,8.0
6645,5.0
6646,4.0
6647,6.0
6648,6.0
6649,10.0
6650,3.0
6651,9.0
6652,9.0
6653,6.0
6654,9.0
6655,7.0
6656,9.0
6657,6.0
6658,6.0
6659,6.0
6660,8.0
6661,10.0
6662,5.0
6663,9.0
6664,10.0
6665,6.0
6666,10.0
6667,9.0
6668,10.0
6669,9.0
6670,9.0
6671,10.0
6672,6.0
6673,8.0
6674,8.0
6675,9.0
6676,2.0
6677,5.0
6678,8.0
6679,8.0
6680,6.0
6681,7.0
6682,9.0
6683,5.0
6684,6.0
6685,3.0
6686,8.0
6687,9.0
6688,10.0
6689,8.0
6690,3.0
6691,7.0
6692,5.0
6693,9.0
6694,4.0
6695,8.0
6696,9.0
6697,10.0
6698,5.0
6699,3.0
6700,5.0
6701,6.0
6702,9.0
6703,6.0
6704,9.0
6705,5.0
6706,9.0
6707,10.0
6708,9.0
6709,9.0
6710,8.0
6711,2.0
6712,9.0
6713,9.0
6714,9.0
6715,4.0
6716,4.0
6717,9.0
6718,9.0
6719,4.0
6720,10.0
6721,2.0
6722,5.0
6723,8.0
6724,7.0
6725,8.0
6726,9.0
6727,9.0
6728,10.0
6729,6.0
6730,6.0
6731,9.0
6732,9.0
6733,10.0
6734,9.0
6735,10.0
6736,2.0
6737,6.0
6738,9.0
6739,5.0
6740,8.0
6741,10.0
6742,6.0
6743,5.0
6744,9.0
6745,9.0
6746,9.0
6747,10.0
6748,10.0
6749,9.0
6750,10.0
6751,10.0
6752,10.0
6753,8.0
6754,10.0
6755,2.0
6756,6.0
6757,5.0
6758,3.0
6759,10.0
6760,10.0
6761,10.0
6762,8.0
6763,5.0
6764,6.0
6765,8.0
6766,10.0
6767,6.0
6768,9.0
6769,10.0
6770,9.0
6771,6.0
6772,7.0
6773,10.0
6774,10.0
6775,6.0
6776,8.0
6777,2.0
6778,6.0
6779,10.0
6780,10.0
6781,8.0
6782,9.0
6783,7.0
6784,6.0
6785,9.0
6786,2.0
6787,3.0
6788,10.0
6789,3.0
6790,7.0
6791,10.0
6792,6.0
6793,6.0
6794,8.0
6795,9.0
6796,9.0
6797,10.0
6798,8.0
6799,3.0
6800,8.0
6801,10.0
6802,3.0
6803,9.0
6804,6.0
6805,6.0
6806,8.0
6807,2.0
6808,10.0
6809,5.0
6810,2.0
6811,9.0
6812,2.0
6813,10.0
6814,4.0
6815,8.0
6816,7.0
6817,9.0
6818,9.0
6819,4.0
6820,9.0
6821,9.0
6822,10.0
6823,2.0
6824,8.0
6825,5.0
6826,2.0
6827,5.0
6828,3.0
6829,3.0
6830,10.0
6831,9.0
6832,9.0
6833,8.0
6834,5.0
6835,10.0
6836,10.0
6837,10.0
6838,10.0
6839,10.0
6840,7.0
6841,10.0
6842,9.0
6843,10.0
6844,10.0
6845,10.0
6846,6.0
6847,10.0
6848,10.0
6849,6.0
6850,6.0
6851,2.0
6852,9.0
6853,6.0
6854,9.0
6855,7.0
6856,7.0
6857,9.0
6858,5.0
6859,8.0
6860,7.0
6861,10.0
6862,6.0
6863,6.0
6864,8.0
6865,9.0
6866,10.0
6867,3.0
6868,8.0
6869,6.0
6870,7.0
6871,10.0
6872,10.0
6873,7.0
6874,10.0
6875,9.0
6876,10.0
6877,8.0
6878,8.0
6879,10.0
6880,10.0
6881,9.0
6882,9.0
6883,8.0
6884,10.0
6885,9.0
6886,6.0
6887,9.0
6888,7.0
6889,8.0
6890,3.0
6891,6.0
6892,9.0
6893,7.0
6894,10.0
6895,7.0
6896,7.0
6897,10.0
6898,7.0
6899,9.0
6900,8.0
6901,9.0
6902,6.0
6903,3.0
6904,10.0
6905,9.0
6906,10.0
6907,10.0
6908,10.0
6909,10.0
6910,7.0
6911,8.0
6912,7.0
6913,9.0
6914,10.0
6915,6.0
6916,8.0
6917,10.0
6918,9.0
6919,10.0
6920,10.0
6921,4.0
6922,9.0
6923,6.0
6924,6.0
6925,4.0
6926,8.0
6927,9.0
6928,9.0
6929,10.0
6930,8.0
6931,7.0
6932,10.0
6933,10.0
6934,8.0
6935,9.0
6936,10.0
6937,10.0
6938,9.0
6939,10.0
6940,8.0
6941,10.0
6942,4.0
6943,10.0
6944,9.0
6945,9.0
6946,5.0
6947,7.0
6948,10.0
6949,8.0
6950,7.0
6951,9.0
6952,8.0
6953,9.0
6954,10.0
6955,5.0
6956,7.0
6957,10.0
6958,9.0
6959,8.0
6960,6.0
6961,10.0
6962,10.0
6963,8.0
6964,10.0
6965,3.0
6966,8.0
6967,5.0
6968,9.0
6969,10.0
6970,9.0
6971,4.0
6972,10.0
6973,10.0
6974,10.0
6975,10.0
6976,10.0
6977,10.0
6978,10.0
6979,2.0
6980,10.0
6981,9.0
6982,2.0
6983,8.0
6984,10.0
6985,10.0
6986,10.0
6987,10.0
6988,10.0
6989,10.0
6990,10.0
6991,10.0
6992,10.0
6993,10.0
6994,10.0
6995,10.0
6996,6.0
6997,10.0
6998,10.0
6999,10.0
7000,10.0
7001,10.0
7002,10.0
7003,7.0
7004,10.0
7005,10.0
7006,10.0
7007,9.0
7008,6.0
7009,9.0
7010,9.0
7011,2.0
7012,8.0
7013,9.0
7014,5.0
7015,10.0
7016,8.0
7017,7.0
7018,9.0
7019,5.0
7020,6.0
7021,9.0
7022,5.0
7023,9.0
7024,5.0
7025,9.0
7026,10.0
7027,3.0
7028,10.0
7029,10.0
7030,9.0
7031,2.0
7032,6.0
7033,3.0
7034,2.0
7035,5.0
7036,5.0
7037,10.0
7038,8.0
7039,5.0
7040,7.0
7041,7.0
7042,9.0
7043,8.0
7044,9.0
7045,8.0
7046,7.0
7047,6.0
7048,10.0
7049,10.0
7050,9.0
7051,8.0
7052,10.0
7053,10.0
7054,9.0
7055,10.0
7056,10.0
7057,6.0
7058,9.0
7059,6.0
7060,5.0
7061,6.0
7062,9.0
7063,9.0
7064,8.0
7065,10.0
7066,7.0
7067,10.0
7068,9.0
7069,6.0
7070,6.0
7071,9.0
7072,8.0
7073,6.0
7074,5.0
7075,10.0
7076,6.0
7077,3.0
7078,7.0
7079,10.0
7080,6.0
7081,10.0
7082,10.0
7083,10.0
7084,10.0
7085,6.0
7086,10.0
7087,7.0
7088,10.0
7089,8.0
7090,8.0
7091,7.0
7092,5.0
7093,4.0
7094,3.0
7095,8.0
7096,10.0
7097,6.0
7098,8.0
7099,8.0
7100,10.0
7101,10.0
7102,5.0
7103,6.0
7104,7.0
7105,4.0
7106,4.0
7107,9.0
7108,2.0
7109,10.0
7110,3.0
7111,10.0
7112,10.0
7113,8.0
7114,4.0
7115,7.0
7116,10.0
7117,10.0
7118,10.0
7119,7.0
7120,4.0
7121,10.0
7122,10.0
7123,10.0
7124,10.0
7125,3.0
7126,6.0
7127,4.0
7128,9.0
7129,6.0
7130,10.0
7131,9.0
7132,7.0
7133,6.0
7134,6.0
7135,5.0
7136,6.0
7137,6.0
7138,5.0
7139,10.0
7140,6.0
7141,2.0
7142,6.0
7143,10.0
7144,10.0
7145,9.0
7146,5.0
7147,6.0
7148,10.0
7149,8.0
7150,10.0
7151,3.0
7152,10.0
7153,10.0
7154,10.0
7155,7.0
7156,6.0
7157,10.0
7158,3.0
7159,10.0
7160,2.0
7161,9.0
7162,6.0
7163,7.0
7164,7.0
7165,8.0
7166,8.0
7167,3.0
7168,2.0
7169,10.0
7170,10.0
7171,8.0
7172,9.0
7173,6.0
7174,4.0
7175,8.0
7176,8.0
7177,10.0
7178,6.0
7179,10.0
7180,10.0
7181,3.0
7182,8.0
7183,8.0
7184,10.0
7185,2.0
7186,4.0
7187,10.0
7188,9.0
7189,3.0
7190,6.0
7191,9.0
7192,3.0
7193,4.0
7194,2.0
7195,9.0
7196,6.0
7197,9.0
7198,10.0
7199,7.0
7200,10.0
7201,9.0
7202,8.0
7203,10.0
7204,9.0
7205,5.0
7206,10.0
7207,9.0
7208,10.0
7209,3.0
7210,10.0
7211,6.0
7212,9.0
7213,7.0
7214,10.0
7215,2.0
7216,9.0
7217,9.0
7218,10.0
7219,9.0
7220,4.0
7221,10.0
7222,5.0
7223,9.0
7224,9.0
7225,10.0
7226,10.0
7227,5.0
7228,8.0
7229,8.0
7230,4.0
7231,6.0
7232,9.0
7233,5.0
7234,8.0
7235,10.0
7236,10.0
7237,9.0
7238,10.0
7239,6.0
7240,9.0
7241,10.0
7242,10.0
7243,10.0
7244,9.0
7245,7.0
7246,8.0
7247,8.0
7248,10.0
7249,9.0
7250,9.0
7251,9.0
7252,8.0
7253,8.0
7254,9.0
7255,10.0
7256,8.0
7257,10.0
7258,10.0
7259,7.0
7260,10.0
7261,8.0
7262,10.0
7263,10.0
7264,3.0
7265,4.0
7266,10.0
7267,10.0
7268,10.0
7269,10.0
7270,10.0
7271,9.0
7272,9.0
7273,10.0
7274,8.0
7275,9.0
7276,9.0
7277,9.0
7278,10.0
7279,7.0
7280,7.0
7281,9.0
7282,9.0
7283,9.0
7284,7.0
7285,10.0
7286,9.0
7287,5.0
7288,7.0
7289,8.0
7290,4.0
7291,10.0
7292,8.0
7293,7.0
7294,9.0
7295,8.0
7296,10.0
7297,9.0
7298,9.0
7299,8.0
7300,6.0
7301,9.0
7302,8.0
7303,10.0
7304,9.0
7305,10.0
7306,10.0
7307,9.0
7308,6.0
7309,10.0
7310,6.0
7311,9.0
7312,10.0
7313,8.0
7314,8.0
7315,8.0
7316,10.0
7317,4.0
7318,7.0
7319,10.0
7320,10.0
7321,8.0
7322,10.0
7323,6.0
7324,10.0
7325,10.0
7326,9.0
7327,9.0
7328,10.0
7329,10.0
7330,10.0
7331,6.0
7332,9.0
7333,6.0
7334,10.0
7335,10.0
7336,10.0
7337,10.0
7338,10.0
7339,10.0
7340,9.0
7341,10.0
7342,5.0
7343,5.0
7344,10.0
7345,2.0
7346,8.0
7347,10.0
7348,10.0
7349,10.0
7350,9.0
7351,8.0
7352,10.0
7353,10.0
7354,3.0
7355,9.0
7356,10.0
7357,10.0
7358,8.0
7359,10.0
7360,10.0
7361,7.0
7362,9.0
7363,10.0
7364,10.0
7365,10.0
7366,10.0
7367,10.0
7368,8.0
7369,10.0
7370,10.0
7371,10.0
7372,6.0
7373,10.0
7374,10.0
7375,10.0
7376,2.0
7377,10.0
7378,10.0
7379,9.0
7380,10.0
7381,10.0
7382,10.0
7383,6.0
7384,10.0
7385,2.0
7386,10.0
7387,7.0
7388,2.0
7389,9.0
7390,10.0
7391,10.0
7392,10.0
7393,10.0
7394,10.0
7395,10.0
7396,8.0
7397,10.0
7398,9.0
7399,10.0
7400,10.0
7401,10.0
7402,6.0
7403,3.0
7404,5.0
7405,10.0
7406,9.0
7407,10.0
7408,10.0
7409,8.0
7410,9.0
7411,10.0
7412,4.0
7413,8.0
7414,10.0
7415,10.0
7416,9.0
7417,7.0
7418,7.0
7419,10.0
7420,8.0
7421,10.0
7422,9.0
7423,10.0
7424,9.0
7425,10.0
7426,10.0
7427,10.0
7428,2.0
7429,5.0
7430,10.0
7431,9.0
7432,5.0
7433,5.0
7434,10.0
7435,9.0
7436,5.0
7437,7.0
7438,9.0
7439,6.0
7440,10.0
7441,8.0
7442,10.0
7443,8.0
7444,4.0
7445,5.0
7446,8.0
7447,8.0
7448,10.0
7449,6.0
7450,10.0
7451,9.0
7452,10.0
7453,4.0
7454,10.0
7455,10.0
7456,9.0
7457,10.0
7458,10.0
7459,8.0
7460,7.0
7461,6.0
7462,9.0
7463,8.0
7464,8.0
7465,10.0
7466,5.0
7467,5.0
7468,7.0
7469,9.0
7470,9.0
7471,8.0
7472,10.0
7473,4.0
7474,10.0
7475,2.0
7476,9.0
7477,5.0
7478,9.0
7479,10.0
7480,10.0
7481,10.0
7482,9.0
7483,9.0
7484,5.0
7485,10.0
7486,10.0
7487,10.0
7488,9.0
7489,7.0
7490,9.0
7491,8.0
7492,10.0
7493,9.0
7494,9.0
7495,9.0
7496,10.0
7497,5.0
7498,9.0
7499,7.0
7500,6.0
7501,10.0
7502,8.0
7503,10.0
7504,8.0
7505,10.0
7506,8.0
7507,7.0
7508,8.0
7509,7.0
7510,10.0
7511,10.0
7512,10.0
7513,10.0
7514,9.0
7515,3.0
7516,10.0
7517,4.0
7518,2.0
7519,10.0
7520,10.0
7521,7.0
7522,10.0
7523,5.0
7524,10.0
7525,10.0
7526,6.0
7527,9.0
7528,7.0
7529,4.0
7530,8.0
7531,5.0
7532,9.0
7533,5.0
7534,10.0
7535,4.0
7536,6.0
7537,7.0
7538,3.0
7539,10.0
7540,9.0
7541,9.0
7542,6.0
7543,10.0
7544,8.0
7545,5.0
7546,3.0
7547,10.0
7548,3.0
7549,9.0
7550,9.0
7551,2.0
7552,10.0
7553,2.0
7554,2.0
7555,8.0
7556,10.0
7557,10.0
7558,9.0
7559,5.0
7560,8.0
7561,2.0
7562,7.0
7563,8.0
7564,9.0
7565,6.0
7566,7.0
7567,5.0
7568,8.0
7569,9.0
7570,10.0
7571,10.0
7572,9.0
7573,7.0
7574,3.0
7575,10.0
7576,9.0
7577,10.0
7578,10.0
7579,10.0
7580,9.0
7581,7.0
7582,6.0
7583,7.0
7584,8.0
7585,10.0
7586,8.0
7587,8.0
7588,8.0
7589,10.0
7590,5.0
7591,10.0
7592,5.0
7593,9.0
7594,10.0
7595,7.0
7596,10.0
7597,8.0
7598,10.0
7599,8.0
7600,3.0
7601,9.0
7602,8.0
7603,7.0
7604,9.0
7605,10.0
7606,5.0
7607,10.0
7608,7.0
7609,7.0
7610,10.0
7611,8.0
7612,10.0
7613,9.0
7614,4.0
7615,9.0
